#include "model.h"

alignas(16) const unsigned char g_model[] = {
  0x20, 0x00, 0x00, 0x00, 0x54, 0x46, 0x4c, 0x33, 0x00, 0x00, 0x00, 0x00,
  0x14, 0x00, 0x20, 0x00, 0x1c, 0x00, 0x18, 0x00, 0x14, 0x00, 0x10, 0x00,
  0x0c, 0x00, 0x00, 0x00, 0x08, 0x00, 0x04, 0x00, 0x14, 0x00, 0x00, 0x00,
  0x1c, 0x00, 0x00, 0x00, 0x1c, 0x00, 0x00, 0x00, 0x74, 0x00, 0x00, 0x00,
  0x6c, 0x34, 0x00, 0x00, 0x7c, 0x34, 0x00, 0x00, 0xdc, 0x44, 0x00, 0x00,
  0x03, 0x00, 0x00, 0x00, 0x00, 0x00, 0x00, 0x00, 0x02, 0x00, 0x00, 0x00,
  0x34, 0x00, 0x00, 0x00, 0x04, 0x00, 0x00, 0x00, 0xdc, 0xff, 0xff, 0xff,
  0x14, 0x00, 0x00, 0x00, 0x04, 0x00, 0x00, 0x00, 0x13, 0x00, 0x00, 0x00,
  0x43, 0x4f, 0x4e, 0x56, 0x45, 0x52, 0x53, 0x49, 0x4f, 0x4e, 0x5f, 0x4d,
  0x45, 0x54, 0x41, 0x44, 0x41, 0x54, 0x41, 0x00, 0x08, 0x00, 0x0c, 0x00,
  0x08, 0x00, 0x04, 0x00, 0x08, 0x00, 0x00, 0x00, 0x13, 0x00, 0x00, 0x00,
  0x04, 0x00, 0x00, 0x00, 0x13, 0x00, 0x00, 0x00, 0x6d, 0x69, 0x6e, 0x5f,
  0x72, 0x75, 0x6e, 0x74, 0x69, 0x6d, 0x65, 0x5f, 0x76, 0x65, 0x72, 0x73,
  0x69, 0x6f, 0x6e, 0x00, 0x15, 0x00, 0x00, 0x00, 0xf4, 0x33, 0x00, 0x00,
  0xec, 0x33, 0x00, 0x00, 0xd4, 0x33, 0x00, 0x00, 0xb4, 0x33, 0x00, 0x00,
  0x84, 0x33, 0x00, 0x00, 0x34, 0x33, 0x00, 0x00, 0x24, 0x0b, 0x00, 0x00,
  0xd4, 0x0a, 0x00, 0x00, 0xc4, 0x01, 0x00, 0x00, 0x74, 0x01, 0x00, 0x00,
  0xd4, 0x00, 0x00, 0x00, 0xcc, 0x00, 0x00, 0x00, 0xc4, 0x00, 0x00, 0x00,
  0xbc, 0x00, 0x00, 0x00, 0xb4, 0x00, 0x00, 0x00, 0xac, 0x00, 0x00, 0x00,
  0xa4, 0x00, 0x00, 0x00, 0x9c, 0x00, 0x00, 0x00, 0x94, 0x00, 0x00, 0x00,
  0x74, 0x00, 0x00, 0x00, 0x04, 0x00, 0x00, 0x00, 0x7e, 0xcc, 0xff, 0xff,
  0x04, 0x00, 0x00, 0x00, 0x60, 0x00, 0x00, 0x00, 0x0c, 0x00, 0x00, 0x00,
  0x08, 0x00, 0x0e, 0x00, 0x08, 0x00, 0x04, 0x00, 0x08, 0x00, 0x00, 0x00,
  0x10, 0x00, 0x00, 0x00, 0x28, 0x00, 0x00, 0x00, 0x00, 0x00, 0x06, 0x00,
  0x08, 0x00, 0x04, 0x00, 0x06, 0x00, 0x00, 0x00, 0x04, 0x00, 0x00, 0x00,
  0x01, 0x00, 0x00, 0x00, 0xeb, 0x03, 0x00, 0x00, 0x0c, 0x00, 0x18, 0x00,
  0x14, 0x00, 0x10, 0x00, 0x0c, 0x00, 0x04, 0x00, 0x0c, 0x00, 0x00, 0x00,
  0x08, 0x22, 0x4e, 0x22, 0x36, 0x96, 0xfe, 0xec, 0x03, 0x00, 0x00, 0x00,
  0x02, 0x00, 0x00, 0x00, 0x04, 0x00, 0x00, 0x00, 0x06, 0x00, 0x00, 0x00,
  0x32, 0x2e, 0x32, 0x30, 0x2e, 0x30, 0x00, 0x00, 0xea, 0xcc, 0xff, 0xff,
  0x04, 0x00, 0x00, 0x00, 0x10, 0x00, 0x00, 0x00, 0x31, 0x2e, 0x31, 0x34,
  0x2e, 0x30, 0x00, 0x00, 0x00, 0x00, 0x00, 0x00, 0x00, 0x00, 0x00, 0x00,
  0x14, 0xbd, 0xff, 0xff, 0x18, 0xbd, 0xff, 0xff, 0x1c, 0xbd, 0xff, 0xff,
  0x20, 0xbd, 0xff, 0xff, 0x24, 0xbd, 0xff, 0xff, 0x28, 0xbd, 0xff, 0xff,
  0x2c, 0xbd, 0xff, 0xff, 0x30, 0xbd, 0xff, 0xff, 0x26, 0xcd, 0xff, 0xff,
  0x04, 0x00, 0x00, 0x00, 0x90, 0x00, 0x00, 0x00, 0x50, 0x4f, 0xe5, 0x79,
  0x29, 0x3f, 0xe0, 0x55, 0x7f, 0x9e, 0x12, 0xd9, 0x7f, 0x43, 0x5a, 0x04,
  0x4d, 0x06, 0xef, 0x01, 0xf3, 0x12, 0xfa, 0x4e, 0x81, 0xb3, 0x9f, 0x9f,
  0xe6, 0x81, 0x4b, 0xc4, 0x45, 0x23, 0x05, 0x54, 0xf4, 0x3e, 0xdd, 0xbc,
  0xf1, 0xbd, 0x71, 0x7f, 0x7d, 0xee, 0x37, 0x17, 0xff, 0x95, 0x81, 0xd9,
  0x9a, 0x32, 0x38, 0x41, 0x35, 0x1a, 0x40, 0xd9, 0xd4, 0x81, 0xd4, 0xe5,
  0x17, 0xe6, 0x0a, 0x8a, 0x97, 0x08, 0x7f, 0x5d, 0x59, 0xb2, 0xa6, 0x99,
  0x9b, 0xec, 0x59, 0x7f, 0x05, 0xb9, 0xe4, 0xca, 0x7f, 0x47, 0x77, 0xaa,
  0xc9, 0xed, 0x20, 0xef, 0x48, 0x22, 0x90, 0x9b, 0x7f, 0x06, 0xf7, 0xb0,
  0xcc, 0x24, 0xed, 0xba, 0x15, 0x86, 0x81, 0xa5, 0x9a, 0xc0, 0x7f, 0x10,
  0x39, 0xb1, 0x8b, 0xcc, 0xea, 0x81, 0x9e, 0x97, 0x29, 0xfb, 0x2d, 0x9b,
  0xb2, 0xaa, 0xea, 0xe1, 0x49, 0x0c, 0x66, 0x46, 0x81, 0xfa, 0xba, 0xac,
  0x8e, 0x81, 0x3a, 0x12, 0x3e, 0xb3, 0x2f, 0xae, 0xc2, 0xcd, 0xff, 0xff,
  0x04, 0x00, 0x00, 0x00, 0x40, 0x00, 0x00, 0x00, 0xc1, 0xea, 0xff, 0xff,
  0x11, 0xfa, 0xff, 0xff, 0xcf, 0x05, 0x00, 0x00, 0xaf, 0x1f, 0x00, 0x00,
  0x07, 0x18, 0x00, 0x00, 0x3b, 0xe5, 0xff, 0xff, 0xe4, 0x09, 0x00, 0x00,
  0xcc, 0x10, 0x00, 0x00, 0x66, 0x0a, 0x00, 0x00, 0xa2, 0x11, 0x00, 0x00,
  0xbd, 0x20, 0x00, 0x00, 0xd8, 0xe1, 0xff, 0xff, 0xa8, 0x18, 0x00, 0x00,
  0x45, 0x05, 0x00, 0x00, 0x78, 0x10, 0x00, 0x00, 0xca, 0xed, 0xff, 0xff,
  0x0e, 0xce, 0xff, 0xff, 0x04, 0x00, 0x00, 0x00, 0x00, 0x09, 0x00, 0x00,
  0x31, 0xf2, 0x29, 0xd7, 0x0d, 0x07, 0x3d, 0xc2, 0xff, 0x8b, 0x16, 0x29,
  0x0b, 0x1e, 0x0a, 0xea, 0x12, 0xe3, 0x02, 0xc3, 0xfc, 0x18, 0x63, 0xc1,
  0xfc, 0x87, 0x00, 0x2f, 0x00, 0x28, 0x27, 0xe6, 0x10, 0xef, 0x26, 0xcf,
  0x08, 0xf9, 0x4b, 0xd4, 0xea, 0x95, 0xf9, 0x12, 0x22, 0x07, 0x39, 0xff,
  0xeb, 0x09, 0x14, 0xeb, 0x07, 0xf2, 0x12, 0x45, 0x33, 0x0f, 0xf1, 0x23,
  0xf0, 0x0c, 0x1b, 0x0e, 0x03, 0xec, 0x13, 0xed, 0xe9, 0x05, 0x22, 0x50,
  0x3b, 0xd6, 0xf6, 0x0c, 0x14, 0x07, 0x03, 0x12, 0xf7, 0xec, 0x0b, 0xfe,
  0xfa, 0x13, 0x0a, 0x2e, 0x1d, 0xfe, 0xe0, 0x23, 0x1f, 0x13, 0x17, 0x16,
  0xfb, 0xfd, 0xe5, 0x39, 0x2b, 0xdb, 0x92, 0x4c, 0x02, 0xfa, 0xfe, 0xf3,
  0xf6, 0xd5, 0xb8, 0xe5, 0x1e, 0xf6, 0xe8, 0x36, 0x21, 0xbf, 0xb1, 0x54,
  0x0d, 0xf1, 0xec, 0xdf, 0xd8, 0xde, 0xa7, 0xe5, 0x0f, 0x18, 0xe9, 0x30,
  0x16, 0xcd, 0x92, 0x7f, 0x3f, 0x11, 0x07, 0xe2, 0xd2, 0xe2, 0xe7, 0xe6,
  0xd5, 0xe5, 0x33, 0x21, 0xfa, 0x27, 0xe8, 0x0c, 0x2b, 0xec, 0xf5, 0x24,
  0x36, 0x23, 0xe8, 0x19, 0xf5, 0xf6, 0x2f, 0x17, 0xfc, 0x29, 0x04, 0x17,
  0x28, 0xdc, 0xdd, 0x1f, 0x2d, 0x1b, 0xdb, 0x14, 0xf1, 0xf6, 0x15, 0x14,
  0x03, 0x24, 0xf7, 0x11, 0x27, 0xed, 0xd2, 0x0f, 0x29, 0x2a, 0xe6, 0x1e,
  0xf8, 0x14, 0xe5, 0x34, 0xe1, 0x17, 0x81, 0x48, 0x2d, 0x25, 0xf7, 0xed,
  0xfc, 0x10, 0xe1, 0x05, 0xef, 0x18, 0xe8, 0x23, 0xe5, 0x13, 0x82, 0x3a,
  0x44, 0x16, 0xf3, 0xf4, 0xfa, 0x04, 0xbf, 0x12, 0x02, 0x13, 0xda, 0x22,
  0xf1, 0xf8, 0x9f, 0x31, 0x1c, 0x1c, 0xf0, 0xef, 0x02, 0xf9, 0xf6, 0x0d,
  0x1c, 0x08, 0xd1, 0x38, 0x42, 0xd5, 0x98, 0x2c, 0x12, 0xc5, 0xf8, 0xea,
  0xd4, 0xe0, 0xc1, 0xf8, 0x11, 0x02, 0xdc, 0x28, 0x2e, 0xd1, 0x90, 0x0d,
  0x1f, 0xd7, 0x17, 0xe1, 0xd7, 0xe8, 0xce, 0xf7, 0x0a, 0x0b, 0xee, 0x32,
  0x31, 0xd1, 0xaa, 0x1e, 0x09, 0xe6, 0x01, 0xe2, 0xe2, 0xf5, 0xd2, 0x0e,
  0xfc, 0xff, 0x0e, 0xda, 0xea, 0xec, 0x69, 0xb1, 0xc6, 0x0d, 0xf5, 0x10,
  0x1f, 0xeb, 0x4e, 0xf1, 0xd4, 0xe7, 0x17, 0xc4, 0xe3, 0xf8, 0x7f, 0xd6,
  0xd8, 0x11, 0x12, 0x14, 0x0c, 0xe6, 0x25, 0xe1, 0xe7, 0xdd, 0x39, 0xc1,
  0x00, 0xee, 0x75, 0xb2, 0xd1, 0x0e, 0xec, 0xfb, 0x1c, 0xf0, 0x35, 0xeb,
  0xd7, 0xf7, 0x09, 0xfe, 0xf8, 0x1f, 0x11, 0x3c, 0x30, 0xe5, 0x0b, 0xea,
  0x1f, 0xd7, 0x0c, 0xc9, 0xd5, 0xf9, 0x00, 0x0d, 0x0a, 0x24, 0xe2, 0x33,
  0x43, 0xdb, 0x0c, 0xf3, 0x0f, 0xd6, 0xe2, 0xd9, 0xf7, 0x01, 0x00, 0x18,
  0x17, 0x0e, 0xf0, 0x67, 0x1e, 0xe6, 0x13, 0xe8, 0x1a, 0xe1, 0xeb, 0xda,
  0xff, 0xe8, 0x0b, 0x26, 0x08, 0xae, 0xf8, 0xf4, 0x17, 0x10, 0x0d, 0xf5,
  0xfb, 0xee, 0x07, 0x13, 0xfc, 0x01, 0xef, 0x2a, 0x0a, 0xa3, 0xdb, 0x2c,
  0x14, 0xf5, 0xf8, 0xe2, 0xe1, 0xf5, 0xdc, 0x17, 0xf6, 0xf2, 0xe8, 0x39,
  0x0a, 0xa3, 0xe7, 0x00, 0x16, 0x1a, 0x08, 0xda, 0xe8, 0x0f, 0xf9, 0x25,
  0x08, 0x15, 0x09, 0xd0, 0x00, 0xf0, 0x2c, 0xa9, 0xef, 0xfe, 0x0b, 0x20,
  0x04, 0x0f, 0x0a, 0xf5, 0x14, 0xf4, 0x00, 0xad, 0x16, 0xef, 0x24, 0x8e,
  0xcc, 0xf4, 0x00, 0x18, 0xf6, 0x0a, 0x15, 0xeb, 0x0b, 0x04, 0xfa, 0xb8,
  0x01, 0xfd, 0x25, 0x81, 0xe9, 0x18, 0x02, 0x28, 0xf4, 0x18, 0x12, 0xfe,
  0xfc, 0xf7, 0x07, 0xc8, 0xfe, 0x3d, 0x04, 0x47, 0x25, 0xc7, 0x20, 0x10,
  0xe6, 0x0a, 0x08, 0x09, 0x03, 0xe7, 0x02, 0xbc, 0x0c, 0x27, 0x1b, 0x50,
  0x24, 0xc4, 0xf2, 0x1e, 0x01, 0xed, 0x03, 0xe3, 0xf9, 0xea, 0xfe, 0xcc,
  0x17, 0x57, 0xfe, 0x3c, 0x22, 0xbb, 0x07, 0x26, 0xeb, 0x18, 0x0c, 0xef,
  0x16, 0xff, 0xfa, 0xe2, 0xfa, 0x07, 0x21, 0x00, 0xf2, 0x11, 0xdb, 0x11,
  0xfa, 0x0a, 0xf2, 0x10, 0x05, 0x0d, 0xee, 0xec, 0xef, 0xe4, 0x06, 0xe7,
  0xf6, 0x28, 0xd4, 0xfd, 0xfb, 0x09, 0xff, 0x16, 0x04, 0x1e, 0xfe, 0x05,
  0xf2, 0xfd, 0x02, 0x0d, 0x16, 0x2b, 0xf3, 0x21, 0xea, 0xf7, 0x06, 0x27,
  0xf4, 0xee, 0x2d, 0xd5, 0xef, 0xfb, 0x38, 0xdd, 0xf9, 0x14, 0x28, 0x1f,
  0x0a, 0x1b, 0x41, 0x16, 0xeb, 0x01, 0x12, 0xbe, 0xeb, 0x15, 0x5c, 0xb8,
  0xc4, 0x07, 0xeb, 0x0b, 0x09, 0x0c, 0x1c, 0x08, 0x10, 0xe6, 0x24, 0xf2,
  0xf2, 0x13, 0x5e, 0xc8, 0xcc, 0x2f, 0x02, 0x19, 0x1b, 0x27, 0x2e, 0x0c,
  0x0e, 0xde, 0x04, 0xfa, 0xee, 0xdd, 0xe4, 0x3a, 0x38, 0x21, 0x09, 0xff,
  0xff, 0x18, 0x1b, 0xfb, 0x04, 0x03, 0xed, 0xdb, 0xeb, 0xe4, 0x08, 0x7f,
  0x40, 0x05, 0x2c, 0xf6, 0x16, 0x17, 0x0e, 0xfc, 0xff, 0xf7, 0x1e, 0xe8,
  0x01, 0x09, 0xdb, 0x5b, 0x4e, 0xfb, 0x13, 0x0e, 0x22, 0x28, 0x08, 0x16,
  0x0a, 0x05, 0xd3, 0x4f, 0x0f, 0xbc, 0xa3, 0x4d, 0x19, 0xc0, 0xe7, 0xbd,
  0xef, 0x03, 0xc6, 0xee, 0x24, 0xfc, 0xe0, 0x56, 0x05, 0xb4, 0xab, 0x52,
  0x05, 0xd7, 0xf3, 0xcf, 0xdf, 0xfa, 0x9f, 0x04, 0xfa, 0x0d, 0xe2, 0x52,
  0x0b, 0xdf, 0x8e, 0x5f, 0x21, 0xeb, 0xf6, 0xca, 0xd7, 0xe4, 0xd9, 0xf7,
  0xff, 0xf3, 0x06, 0x1d, 0xf8, 0xf3, 0xe0, 0x73, 0x35, 0xef, 0x11, 0x19,
  0x1c, 0x11, 0xeb, 0x1f, 0x02, 0xf1, 0x03, 0x24, 0x09, 0xf3, 0xdb, 0x5d,
  0x50, 0xcf, 0x14, 0x0f, 0x09, 0x11, 0xd2, 0x0f, 0x03, 0xf4, 0x21, 0x1f,
  0x01, 0x05, 0xcd, 0x7f, 0x42, 0xf9, 0x0f, 0x0a, 0x18, 0x07, 0xf4, 0x25,
  0x11, 0x07, 0x14, 0x2e, 0xfd, 0xd3, 0xb6, 0xe2, 0xed, 0xfe, 0xe3, 0x02,
  0x0a, 0x17, 0xdf, 0x20, 0x12, 0x15, 0x1b, 0x49, 0xf3, 0xe3, 0xb7, 0xe0,
  0xe4, 0x19, 0x05, 0x0c, 0x06, 0x0a, 0xe5, 0x22, 0x20, 0x21, 0x12, 0x4a,
  0x08, 0xef, 0xb7, 0xde, 0xf7, 0x24, 0xe7, 0xef, 0xfb, 0x0c, 0xee, 0x0a,
  0x1f, 0x1f, 0xe6, 0x22, 0xff, 0xce, 0xaf, 0x03, 0x0a, 0xf7, 0xfc, 0xe3,
  0x06, 0xfb, 0xec, 0xec, 0x0f, 0x19, 0xe1, 0x28, 0x03, 0xcf, 0xb6, 0xf2,
  0x0c, 0xf6, 0x15, 0xd5, 0xe2, 0xed, 0xe6, 0xe9, 0x07, 0x16, 0xca, 0x0f,
  0x12, 0xcc, 0xba, 0xf5, 0xf5, 0x00, 0x11, 0xe6, 0xf4, 0xf1, 0xfe, 0xeb,
  0x04, 0xcf, 0xf7, 0xe0, 0xd7, 0x3d, 0xcd, 0x4d, 0x1d, 0x8c, 0xfe, 0xfc,
  0xfc, 0xff, 0xa9, 0x12, 0xf2, 0xdf, 0xfa, 0xd3, 0xef, 0x3d, 0xdb, 0x3b,
  0x3f, 0x81, 0x00, 0x16, 0xec, 0x04, 0xca, 0x02, 0x01, 0xfb, 0xed, 0xd2,
  0xfa, 0x3f, 0xd2, 0x37, 0x36, 0x91, 0xf6, 0xf5, 0x15, 0xf0, 0xc5, 0x07,
  0xe9, 0xec, 0x03, 0x18, 0xe4, 0xed, 0xe4, 0x00, 0x10, 0x5a, 0xd8, 0x1c,
  0xfa, 0x11, 0x1c, 0x39, 0xf0, 0xd4, 0x14, 0x00, 0xbb, 0xf4, 0xe6, 0xff,
  0xee, 0x5c, 0xd0, 0x29, 0x02, 0x09, 0x01, 0x38, 0xe6, 0xe1, 0x1c, 0x01,
  0xdc, 0xeb, 0xdc, 0xe1, 0x0b, 0x52, 0xbe, 0x23, 0x19, 0x0c, 0x21, 0x20,
  0x0d, 0xe2, 0x0b, 0x9d, 0xdf, 0x33, 0x26, 0xf1, 0xd3, 0xce, 0xe1, 0x18,
  0xf3, 0xec, 0x12, 0xfd, 0xf6, 0xd7, 0xff, 0xa2, 0xf2, 0x39, 0x34, 0x00,
  0xfb, 0xd1, 0xe2, 0x00, 0xf3, 0x0b, 0x01, 0xdc, 0xf8, 0xf3, 0x1d, 0xa3,
  0x01, 0x36, 0x39, 0xfc, 0xec, 0xf5, 0xec, 0x28, 0x09, 0x05, 0xef, 0xf0,
  0x01, 0x0b, 0x0a, 0xca, 0x0c, 0x02, 0x30, 0x81, 0xd6, 0xfb, 0x14, 0x23,
  0x08, 0x19, 0x20, 0x0c, 0xfe, 0x05, 0x0b, 0xc5, 0xfe, 0xeb, 0x1e, 0x85,
  0xca, 0xfc, 0xd7, 0x14, 0x07, 0x17, 0x29, 0xf7, 0x03, 0xfc, 0x17, 0xcc,
  0x12, 0x03, 0x38, 0x81, 0xd8, 0xed, 0x02, 0x06, 0x02, 0xfd, 0x08, 0x0f,
  0x02, 0xff, 0xff, 0xdc, 0x08, 0x46, 0x09, 0x4c, 0x1f, 0xc1, 0x19, 0x0d,
  0xf6, 0xfc, 0xff, 0xf5, 0xf1, 0xfa, 0xf9, 0xce, 0x0f, 0x43, 0x27, 0x30,
  0x28, 0xc1, 0xee, 0x14, 0xe8, 0xfd, 0x0d, 0xd7, 0x01, 0xec, 0x1a, 0xcf,
  0x0f, 0x51, 0x2a, 0x39, 0x21, 0xc1, 0xf8, 0x15, 0xfb, 0x11, 0x15, 0xea,
  0x11, 0xf2, 0xe2, 0x0a, 0x20, 0xf6, 0x13, 0x5b, 0x24, 0x1d, 0x28, 0xf2,
  0xd2, 0xf2, 0xdc, 0xfe, 0x04, 0x00, 0xd3, 0x0c, 0xfa, 0xdd, 0xff, 0x4b,
  0x32, 0x0a, 0x17, 0xe7, 0xcd, 0x00, 0xec, 0x09, 0x0b, 0xfe, 0xdb, 0x27,
  0x17, 0x1a, 0x0d, 0x60, 0x33, 0x24, 0x14, 0x0e, 0xda, 0xf7, 0xf2, 0x26,
  0xff, 0xf5, 0x0c, 0xd6, 0xec, 0x0b, 0x18, 0x86, 0xe5, 0x2d, 0xf4, 0x15,
  0x08, 0x05, 0x17, 0x0f, 0xee, 0xec, 0x20, 0xd8, 0xef, 0x06, 0x19, 0x86,
  0xc3, 0x3f, 0xe9, 0x15, 0x15, 0x19, 0x29, 0xf6, 0x00, 0xef, 0x27, 0xd8,
  0xf4, 0xfc, 0x2e, 0x81, 0xc5, 0x3c, 0xe3, 0x09, 0x07, 0x12, 0x17, 0xff,
  0xe6, 0xd6, 0xf7, 0xea, 0xf5, 0x3a, 0x18, 0x5a, 0x32, 0xad, 0x15, 0xf5,
  0xf7, 0xf7, 0xef, 0xe3, 0xd9, 0xce, 0xe7, 0xe8, 0xf8, 0x44, 0x09, 0x53,
  0x27, 0xb2, 0x15, 0xff, 0x0d, 0x03, 0xe9, 0xd4, 0xe4, 0xe3, 0xfb, 0xe7,
  0xf5, 0x3a, 0x15, 0x54, 0x20, 0xb7, 0x13, 0xf4, 0xfa, 0xe8, 0xe3, 0xea,
  0xd8, 0x02, 0x06, 0x16, 0xf1, 0xd9, 0xe5, 0xf8, 0x06, 0x30, 0xd5, 0xff,
  0xf2, 0x06, 0xd9, 0x27, 0xe2, 0xe6, 0x07, 0x1a, 0xdf, 0xd7, 0xd5, 0x0f,
  0x04, 0x39, 0xd4, 0x04, 0xf6, 0x14, 0xd7, 0x23, 0xdb, 0xfc, 0x18, 0x22,
  0xda, 0xd1, 0xe9, 0xf5, 0x10, 0x3b, 0xd8, 0x0f, 0xfb, 0x18, 0xfc, 0x1a,
  0x08, 0xf5, 0xdb, 0xf1, 0x0d, 0x13, 0xf3, 0x60, 0x17, 0x96, 0x1d, 0xf4,
  0xee, 0xe6, 0xc2, 0xee, 0x05, 0x04, 0xea, 0xf7, 0x05, 0x09, 0x04, 0x61,
  0x19, 0x81, 0x1b, 0xea, 0xea, 0xef, 0xc6, 0xe7, 0x0d, 0xf6, 0xe3, 0xf6,
  0x06, 0x0d, 0x07, 0x5e, 0x2e, 0x90, 0x06, 0xe4, 0xeb, 0xe9, 0xc9, 0xdc,
  0xfe, 0x19, 0x1b, 0x29, 0xee, 0xd1, 0x2a, 0x1a, 0x0a, 0x66, 0xd4, 0xf3,
  0x09, 0x07, 0x2f, 0x24, 0xf0, 0x14, 0x15, 0x2a, 0xe9, 0xd3, 0x23, 0x19,
  0xea, 0x76, 0xe3, 0xf5, 0x04, 0x13, 0x23, 0x11, 0x05, 0x09, 0x14, 0x1b,
  0xf8, 0xdf, 0x2e, 0x04, 0xf1, 0x73, 0xd9, 0x06, 0x0a, 0x0e, 0x2b, 0x19,
  0x0c, 0x0a, 0x07, 0xe5, 0x1b, 0x31, 0x29, 0xfd, 0xcc, 0xeb, 0x0f, 0x0e,
  0x08, 0xf4, 0xef, 0xcc, 0x05, 0x05, 0x12, 0xd4, 0x1c, 0x37, 0x1f, 0x01,
  0xd5, 0xd6, 0x12, 0x12, 0x04, 0xed, 0xe0, 0xcc, 0x01, 0x0d, 0x06, 0xd1,
  0x1d, 0x3c, 0x2a, 0x10, 0xed, 0xd9, 0x19, 0x08, 0x08, 0xf6, 0xd3, 0xdf,
  0x03, 0x15, 0x1a, 0xc9, 0xf5, 0xec, 0x2d, 0x8f, 0xca, 0x32, 0xed, 0x08,
  0x00, 0x01, 0x2b, 0xfa, 0x0d, 0x09, 0x10, 0xd9, 0xfa, 0x03, 0x1e, 0x81,
  0xce, 0x46, 0xec, 0x05, 0x09, 0x0d, 0x19, 0xf8, 0xfc, 0x0f, 0x02, 0xd4,
  0x04, 0xea, 0x2b, 0x88, 0xc9, 0x45, 0xf3, 0x10, 0x06, 0xfb, 0x25, 0xf1,
  0x07, 0xf4, 0xf1, 0xd5, 0x07, 0x2e, 0x0c, 0x19, 0x1a, 0xd0, 0x1b, 0x12,
  0x0a, 0xfb, 0xf9, 0xdd, 0x02, 0xee, 0x00, 0xc6, 0x01, 0x2f, 0x1d, 0x33,
  0x18, 0xd1, 0x08, 0x03, 0xf9, 0x02, 0xee, 0xee, 0x0e, 0x04, 0x04, 0xc3,
  0x04, 0x30, 0x0f, 0x1e, 0x04, 0xc7, 0xfe, 0x13, 0x04, 0xf1, 0x0a, 0xe9,
  0xfb, 0xed, 0x01, 0xf6, 0xec, 0xfd, 0x15, 0x1a, 0x19, 0x02, 0xfe, 0x03,
  0xfb, 0xf0, 0x0a, 0x08, 0x00, 0xf5, 0xf9, 0xed, 0xee, 0x02, 0x10, 0x15,
  0x14, 0xf9, 0xfa, 0x0c, 0xeb, 0xfa, 0xfd, 0x09, 0x05, 0xfc, 0x09, 0xe9,
  0xed, 0x0b, 0x18, 0x1c, 0x09, 0x13, 0xf5, 0x09, 0xfe, 0x0e, 0x0c, 0x15,
  0x28, 0x2b, 0xbb, 0x2a, 0x24, 0xa8, 0xd5, 0x09, 0x00, 0xd7, 0xf8, 0xc0,
  0xf2, 0xeb, 0xf4, 0x11, 0x29, 0x29, 0xe9, 0x1e, 0x0c, 0xa4, 0xb3, 0x06,
  0xf7, 0xf6, 0xd7, 0xc4, 0xf0, 0x0b, 0xef, 0x04, 0x27, 0x20, 0xd7, 0x37,
  0xf8, 0x99, 0xc2, 0xd2, 0xda, 0xf5, 0xdf, 0xe3, 0x07, 0x1c, 0x06, 0x07,
  0x47, 0x4a, 0xf7, 0x22, 0x0a, 0xf3, 0x04, 0x0f, 0x3d, 0x0f, 0xdf, 0x17,
  0xf6, 0xd7, 0x1f, 0x02, 0x24, 0x19, 0x09, 0x02, 0xfb, 0x1a, 0x30, 0xd6,
  0xec, 0x1b, 0xe9, 0x16, 0xea, 0x03, 0x19, 0xfa, 0x2c, 0x33, 0x11, 0xec,
  0xf9, 0xfb, 0x2c, 0xf4, 0x14, 0x14, 0xc6, 0x1a, 0xdc, 0xf0, 0x29, 0xfa,
  0x16, 0x18, 0x16, 0x8a, 0xc2, 0x08, 0x52, 0xb4, 0xeb, 0x3c, 0xcd, 0xef,
  0xdf, 0xff, 0x2e, 0xe6, 0x11, 0xdd, 0x1e, 0x82, 0xc2, 0x0e, 0x58, 0xad,
  0xd2, 0x3d, 0xce, 0x13, 0x14, 0x16, 0x48, 0xec, 0xe2, 0xda, 0x23, 0x81,
  0x9f, 0xff, 0x5b, 0xac, 0xd9, 0x1d, 0xed, 0xfb, 0x14, 0x18, 0x48, 0xf0,
  0x02, 0xf7, 0xdd, 0x66, 0x1d, 0xe3, 0xde, 0x7e, 0x66, 0x02, 0x25, 0xdc,
  0xed, 0x09, 0xe4, 0x22, 0xf1, 0x11, 0xf0, 0x6d, 0x10, 0xb3, 0xcd, 0x78,
  0x55, 0x0d, 0x10, 0xd8, 0x02, 0x0e, 0xd7, 0x2a, 0x05, 0xf1, 0xcb, 0x4c,
  0x13, 0xc2, 0xd7, 0x5c, 0x49, 0xfb, 0x23, 0xc7, 0xe3, 0x03, 0xfc, 0x13,
  0x19, 0x26, 0xcf, 0x78, 0x08, 0xdf, 0xff, 0xfd, 0x13, 0x1c, 0x0c, 0xc1,
  0xd7, 0xe8, 0xfa, 0xe1, 0xf3, 0x09, 0xc6, 0x47, 0x1c, 0xa9, 0xdb, 0x00,
  0xeb, 0x19, 0x09, 0xc5, 0xdd, 0xe0, 0x02, 0xe3, 0x05, 0x08, 0xcc, 0x39,
  0x0f, 0xd3, 0xea, 0xd6, 0xd8, 0x27, 0x08, 0xb7, 0xce, 0xe0, 0x0d, 0xe3,
  0xee, 0xed, 0x0e, 0x9e, 0xb4, 0xe4, 0x67, 0xb5, 0x9f, 0x7f, 0xd9, 0xf2,
  0xe6, 0xdf, 0x3a, 0xd7, 0xe1, 0xf7, 0xe5, 0x97, 0xc2, 0xea, 0x46, 0xba,
  0xb1, 0x55, 0xd4, 0xe6, 0xde, 0xd0, 0x46, 0xd6, 0xe9, 0xdc, 0xe0, 0x8f,
  0xad, 0xd6, 0x4d, 0xb3, 0x9e, 0x4b, 0xc2, 0xe7, 0xd9, 0xc1, 0x43, 0xbd,
  0xcf, 0xc2, 0x21, 0xdf, 0x03, 0xd0, 0x1a, 0xf9, 0x2b, 0x61, 0x1f, 0x10,
  0x3c, 0x21, 0x0b, 0x0c, 0xd1, 0xba, 0x29, 0x07, 0xfd, 0xd1, 0x03, 0x36,
  0x2c, 0x4c, 0x1e, 0xe4, 0xfc, 0x11, 0x02, 0x28, 0xdd, 0xcc, 0x29, 0xf7,
  0xeb, 0xdf, 0x35, 0x1d, 0x39, 0x30, 0x0e, 0x23, 0x24, 0xf0, 0x0d, 0x1c,
  0xe0, 0x07, 0xd8, 0x34, 0x10, 0xc6, 0xd9, 0x6a, 0x35, 0x33, 0xf5, 0xda,
  0x19, 0xee, 0xd9, 0xfb, 0xec, 0xff, 0xd6, 0x2c, 0xdb, 0xed, 0xdc, 0x2e,
  0x1c, 0x2c, 0x1f, 0xe5, 0x08, 0xda, 0xe7, 0xd8, 0xe2, 0x0d, 0xf3, 0x52,
  0x23, 0xdb, 0xca, 0x7f, 0x21, 0x2b, 0xe6, 0xfa, 0x1b, 0x17, 0xf3, 0xc6,
  0x1b, 0x32, 0x0e, 0x31, 0x0a, 0xcc, 0xda, 0xd2, 0xe1, 0x01, 0x07, 0xc8,
  0xfb, 0x21, 0x1b, 0xf9, 0x22, 0x26, 0x00, 0x3c, 0x04, 0xd0, 0xdd, 0xc7,
  0xc6, 0xfc, 0x1f, 0xdc, 0xc3, 0x18, 0xed, 0x13, 0x19, 0x24, 0xe2, 0x1c,
  0x1a, 0xef, 0xba, 0xb4, 0xc4, 0x08, 0x0b, 0xda, 0x04, 0x1d, 0xd8, 0xfd,
  0x01, 0xf3, 0x01, 0x10, 0x01, 0x0c, 0xdc, 0x29, 0x35, 0xb3, 0x05, 0xfa,
  0x09, 0x05, 0xe1, 0x0e, 0x02, 0xeb, 0xed, 0x0d, 0x12, 0x0b, 0xe3, 0x2e,
  0x22, 0xc9, 0xfc, 0xfc, 0x01, 0x0f, 0xdc, 0x0f, 0xfa, 0x01, 0x02, 0x1f,
  0xf9, 0x0b, 0xdc, 0x2c, 0x1b, 0xc2, 0x17, 0x01, 0x14, 0x1b, 0xf3, 0x1b,
  0xf8, 0xec, 0x18, 0x0a, 0xf9, 0xf2, 0x04, 0xbd, 0xe5, 0x3a, 0x03, 0x13,
  0x0d, 0x1c, 0x1a, 0x1b, 0xed, 0xef, 0x1a, 0x16, 0xec, 0xfb, 0x15, 0xbe,
  0xe7, 0x3c, 0xf4, 0x01, 0x05, 0x0d, 0x06, 0x0f, 0xf3, 0xf2, 0x2c, 0x11,
  0xe6, 0xfb, 0x10, 0xbf, 0xdb, 0x54, 0xfc, 0x08, 0x22, 0x0a, 0x1e, 0x14,
  0xf4, 0xf2, 0xf3, 0x0f, 0x0e, 0x14, 0xf3, 0x4c, 0x2c, 0x81, 0x1f, 0xe7,
  0x07, 0xe3, 0xd6, 0xdd, 0xec, 0xf8, 0xdd, 0x16, 0x19, 0x11, 0xf5, 0x46,
  0x3c, 0x8e, 0x27, 0xde, 0xf9, 0xed, 0xd4, 0xec, 0x00, 0xf6, 0xe0, 0x1e,
  0x1d, 0x01, 0xdb, 0x4f, 0x35, 0x8e, 0x23, 0xf0, 0xf3, 0xf5, 0xe1, 0xdd,
  0x25, 0x18, 0xfe, 0x1d, 0x2b, 0x07, 0x99, 0x0a, 0xf1, 0xbb, 0xe2, 0x0f,
  0xf9, 0x0e, 0xcd, 0x10, 0x1f, 0x1e, 0xfa, 0x10, 0x28, 0xf6, 0x98, 0x10,
  0xef, 0xb9, 0xed, 0xf5, 0xf0, 0x14, 0xb4, 0x21, 0x31, 0x19, 0x06, 0x13,
  0x20, 0xff, 0x85, 0x12, 0xf4, 0xd9, 0xf2, 0xf7, 0xf9, 0xfd, 0xba, 0x1e,
  0x38, 0x20, 0x07, 0xe1, 0x08, 0x0d, 0x04, 0xd4, 0xc9, 0x4f, 0xba, 0x17,
  0xe7, 0x07, 0x1a, 0x16, 0x31, 0x32, 0xf9, 0xe8, 0x03, 0x17, 0xf7, 0xaa,
  0xdb, 0x3e, 0xb8, 0x14, 0xe9, 0x08, 0x1e, 0xff, 0x24, 0x35, 0xfe, 0xe8,
  0xef, 0x17, 0x04, 0xba, 0xc9, 0x55, 0xbf, 0x19, 0x01, 0x0a, 0x25, 0x14,
  0x07, 0xfa, 0x0a, 0xc4, 0xfd, 0x20, 0x21, 0x84, 0xe8, 0xf2, 0xe6, 0x23,
  0xf3, 0xfb, 0x12, 0x05, 0x11, 0x03, 0x08, 0xa9, 0xf8, 0x0a, 0x28, 0x81,
  0xe1, 0xf3, 0xf9, 0x0f, 0x07, 0x0a, 0x06, 0x0c, 0xfb, 0xfa, 0x00, 0xaf,
  0x05, 0x13, 0x1c, 0x95, 0xd2, 0xf1, 0xea, 0x0c, 0xfd, 0xfb, 0xfc, 0x0f,
  0x1a, 0xd7, 0xff, 0xff, 0x04, 0x00, 0x00, 0x00, 0x40, 0x00, 0x00, 0x00,
  0x42, 0x02, 0x00, 0x00, 0x64, 0xfb, 0xff, 0xff, 0xc9, 0x0b, 0x00, 0x00,
  0xb6, 0xf6, 0xff, 0xff, 0xa1, 0x0d, 0x00, 0x00, 0xdc, 0xfd, 0xff, 0xff,
  0x33, 0xf0, 0xff, 0xff, 0x7f, 0xf5, 0xff, 0xff, 0x47, 0xfb, 0xff, 0xff,
  0xa7, 0x03, 0x00, 0x00, 0xa8, 0xf9, 0xff, 0xff, 0x76, 0xeb, 0xff, 0xff,
  0x35, 0x0b, 0x00, 0x00, 0xd7, 0x08, 0x00, 0x00, 0x43, 0x04, 0x00, 0x00,
  0x78, 0xeb, 0xff, 0xff, 0x66, 0xd7, 0xff, 0xff, 0x04, 0x00, 0x00, 0x00,
  0x00, 0x28, 0x00, 0x00, 0xce, 0x31, 0xb4, 0x99, 0xb4, 0x46, 0xf7, 0x32,
  0x26, 0x42, 0xc4, 0x2b, 0xd2, 0x38, 0xdd, 0xeb, 0xc9, 0x95, 0x32, 0xbe,
  0xe5, 0x9e, 0x4a, 0x43, 0x50, 0xde, 0xb1, 0x1a, 0xa8, 0x38, 0xe8, 0xfb,
  0x39, 0xa3, 0x2e, 0x12, 0x36, 0xd7, 0x42, 0x98, 0x44, 0x32, 0x8d, 0x13,
  0x20, 0x0e, 0xb6, 0xc8, 0xca, 0x3d, 0xf9, 0x38, 0x13, 0xf9, 0xba, 0x3e,
  0xa1, 0x0d, 0x99, 0x1d, 0x4f, 0x8d, 0x11, 0x96, 0xc9, 0xde, 0xb9, 0xc7,
  0xa9, 0xb8, 0xe9, 0xa4, 0xd8, 0x06, 0xaf, 0xbc, 0xd2, 0xf9, 0x89, 0xb1,
  0xaa, 0x51, 0xfe, 0x46, 0x06, 0x46, 0xb7, 0xa2, 0x8c, 0xa7, 0x52, 0xb1,
  0xa2, 0xc5, 0x29, 0xd5, 0xe0, 0xf2, 0xe8, 0xff, 0xa2, 0x9f, 0x0d, 0x96,
  0xf4, 0x4b, 0x03, 0xd5, 0xe1, 0xcd, 0x63, 0x0c, 0x26, 0xc2, 0x48, 0xf1,
  0xb6, 0xe2, 0x89, 0x0a, 0xcb, 0x19, 0x8d, 0x22, 0x8f, 0x3d, 0x13, 0x48,
  0x28, 0x4e, 0xf7, 0xf5, 0x2e, 0x9c, 0x12, 0x9a, 0x4c, 0xf9, 0xbb, 0x32,
  0x95, 0xc8, 0xd3, 0xef, 0xfd, 0x49, 0xf0, 0xdc, 0xcf, 0x07, 0xd1, 0xc2,
  0xff, 0x33, 0x0a, 0x38, 0xc3, 0x9f, 0x8e, 0x11, 0xbf, 0xf6, 0xf0, 0x50,
  0xb7, 0x41, 0x0d, 0xb8, 0xf3, 0x90, 0xcd, 0xca, 0x28, 0x95, 0x1a, 0x23,
  0x59, 0xac, 0x21, 0xf1, 0xf8, 0x48, 0x0a, 0x05, 0xa1, 0x00, 0xcc, 0xdc,
  0x9f, 0x2c, 0x3d, 0xbb, 0x1d, 0xea, 0xe8, 0x2d, 0x04, 0xf5, 0xba, 0x83,
  0x9e, 0xbb, 0xc3, 0xa2, 0xd7, 0xf1, 0x4d, 0xc7, 0xc7, 0xbc, 0x40, 0x97,
  0xa9, 0xb4, 0x21, 0xba, 0x01, 0xde, 0xd4, 0x2a, 0xb3, 0x4f, 0xee, 0x2c,
  0xcd, 0x37, 0x1e, 0xb4, 0xa3, 0x4f, 0x1e, 0xe9, 0xb9, 0x0c, 0xf8, 0xa6,
  0x8b, 0xfd, 0x0e, 0x34, 0xd7, 0xf3, 0x9b, 0xf6, 0x85, 0xef, 0x8f, 0xf3,
  0xc4, 0x17, 0xf4, 0xbf, 0xd1, 0x87, 0x7b, 0xff, 0x26, 0x02, 0xe9, 0x43,
  0x07, 0x2e, 0x53, 0xbc, 0x38, 0x01, 0x2f, 0x3f, 0xe4, 0x04, 0x01, 0x96,
  0x20, 0x2c, 0x90, 0x21, 0xab, 0xb2, 0x49, 0x0f, 0xb9, 0x99, 0x2f, 0x02,
  0xd6, 0x4b, 0xbb, 0x27, 0x30, 0x0e, 0x99, 0x03, 0xf5, 0xb8, 0x2d, 0xa6,
  0xc2, 0xa9, 0x43, 0xbe, 0x32, 0x2a, 0xa0, 0x92, 0xe8, 0xab, 0xfd, 0x87,
  0xd6, 0x93, 0xe0, 0x94, 0x3d, 0xec, 0xe9, 0xa4, 0x11, 0x09, 0x3c, 0x1c,
  0x59, 0x42, 0x01, 0xf1, 0xa7, 0x49, 0x13, 0xdd, 0x18, 0xd9, 0xbd, 0xa2,
  0x2a, 0x9e, 0x3f, 0xf6, 0xca, 0x2d, 0xe0, 0xaa, 0xcb, 0xfd, 0xb5, 0xb4,
  0xb3, 0x95, 0xea, 0x3e, 0x12, 0xad, 0x65, 0x0d, 0xb9, 0xac, 0x4c, 0x93,
  0x98, 0xa1, 0xca, 0x2c, 0x0c, 0x51, 0xa5, 0x8d, 0xf8, 0x2f, 0xb2, 0x86,
  0xbf, 0x3b, 0xb1, 0xfc, 0xb0, 0xf3, 0x21, 0xa3, 0x24, 0xf8, 0x17, 0x46,
  0x26, 0xa2, 0x15, 0xc8, 0x9d, 0x0b, 0xbe, 0xae, 0xe4, 0xbe, 0x1a, 0xe2,
  0x96, 0xa2, 0xe6, 0x3f, 0xa9, 0x00, 0xd6, 0x17, 0xae, 0xd7, 0xd8, 0x55,
  0x94, 0xee, 0x15, 0x19, 0x0b, 0x16, 0xd5, 0xf2, 0x21, 0xdb, 0xce, 0x3b,
  0xbb, 0xa2, 0xe9, 0xc6, 0x9c, 0x0c, 0x8c, 0x92, 0x06, 0x17, 0x9e, 0xe3,
  0x1c, 0x0d, 0x2e, 0xd3, 0xe8, 0xda, 0xe0, 0x21, 0x48, 0xb5, 0x41, 0x3b,
  0xf6, 0xb6, 0x24, 0x3a, 0xbd, 0xef, 0x91, 0x43, 0xee, 0x86, 0x46, 0x31,
  0xfa, 0xfb, 0xc1, 0xbb, 0x58, 0x1e, 0x2c, 0x17, 0xe5, 0x9d, 0x3b, 0xd1,
  0xe7, 0x27, 0xbd, 0xa7, 0xc1, 0xa8, 0x46, 0xcf, 0xb2, 0xaa, 0x54, 0x4c,
  0x99, 0xc3, 0x3b, 0xaa, 0xb9, 0x37, 0xb2, 0x2f, 0xf1, 0xfd, 0x43, 0xad,
  0x2c, 0x0d, 0xcf, 0x3e, 0x8e, 0x46, 0xbe, 0xbe, 0x4d, 0xcf, 0xf1, 0xe8,
  0x3e, 0x86, 0x13, 0xc6, 0xbd, 0x4d, 0x11, 0xa7, 0xe9, 0xf6, 0x1d, 0xf2,
  0xec, 0x4d, 0x36, 0x29, 0x99, 0xfb, 0x54, 0xc4, 0x99, 0x2e, 0xf5, 0x2b,
  0xfc, 0x1d, 0xce, 0xd8, 0x25, 0xc6, 0x01, 0x55, 0xba, 0x51, 0x28, 0x8f,
  0x36, 0x1d, 0xae, 0x1f, 0xd4, 0xb4, 0xef, 0x1c, 0x3d, 0xfe, 0x21, 0xc5,
  0xa5, 0x49, 0x29, 0x0e, 0xc0, 0xd5, 0xae, 0xa1, 0x0a, 0x3c, 0xd8, 0xb0,
  0xb7, 0xa3, 0xfc, 0xc2, 0xe7, 0x0e, 0xca, 0xe9, 0xf5, 0xfd, 0x24, 0x1c,
  0x99, 0xd3, 0x87, 0xcb, 0xdf, 0xe6, 0x41, 0x43, 0xeb, 0x34, 0x4c, 0x4e,
  0x26, 0x0d, 0xb6, 0xb4, 0xb1, 0xc6, 0xe3, 0x81, 0x2b, 0x14, 0x27, 0x23,
  0x9d, 0x4c, 0x06, 0x2d, 0xc1, 0x02, 0x5a, 0xab, 0x31, 0xfd, 0x22, 0x3b,
  0x76, 0x18, 0x34, 0x0a, 0x54, 0x04, 0x26, 0x41, 0xbb, 0xd5, 0x38, 0xe9,
  0x83, 0xc3, 0x0c, 0xd2, 0xf2, 0xfd, 0xe0, 0x68, 0xbb, 0x09, 0xd4, 0x37,
  0x2d, 0xfb, 0x0d, 0xdb, 0xf9, 0xdc, 0xd8, 0x94, 0xe3, 0x01, 0xeb, 0xf8,
  0xe6, 0x13, 0xfe, 0xfb, 0xf2, 0x11, 0x05, 0xf9, 0x07, 0x08, 0x26, 0xfd,
  0xf4, 0xda, 0x21, 0x0a, 0xf4, 0xf4, 0xfd, 0x24, 0x0f, 0x1c, 0x24, 0x1e,
  0x24, 0xe5, 0xd6, 0x21, 0x00, 0xaf, 0xe2, 0x07, 0x04, 0xae, 0xed, 0x1f,
  0x05, 0xde, 0x11, 0x1a, 0x08, 0xc4, 0xd8, 0x11, 0x2d, 0x17, 0x3a, 0x18,
  0x29, 0xe0, 0xf5, 0x1e, 0x16, 0xc7, 0x03, 0xf9, 0xd0, 0xea, 0x29, 0xec,
  0x1e, 0x11, 0x22, 0x0a, 0x29, 0xff, 0xfd, 0x08, 0x09, 0xcd, 0xdd, 0xab,
  0xbb, 0x14, 0x20, 0xb6, 0xce, 0xbe, 0xec, 0xfa, 0xcb, 0x2b, 0x09, 0xdd,
  0xe4, 0x09, 0xd7, 0xd5, 0xeb, 0x18, 0x40, 0xe6, 0xb5, 0x06, 0xdf, 0xee,
  0xe7, 0xe3, 0xc6, 0xce, 0x0e, 0x0d, 0xfe, 0xe2, 0xe7, 0xef, 0xf6, 0xf1,
  0xe3, 0xdf, 0xe6, 0xe8, 0xfa, 0xea, 0xd6, 0xea, 0xda, 0xce, 0xfa, 0xef,
  0xed, 0xec, 0x15, 0xe1, 0x23, 0x3a, 0xfe, 0x10, 0x22, 0xf9, 0xbe, 0xf3,
  0xfe, 0xd6, 0xe5, 0x02, 0xf0, 0xfe, 0x10, 0xe0, 0x13, 0xfe, 0x0a, 0xe1,
  0x13, 0xfc, 0x15, 0xe1, 0xd4, 0x47, 0xdb, 0xec, 0xd4, 0x28, 0x06, 0xee,
  0x0e, 0x03, 0x37, 0x14, 0x19, 0x32, 0xdc, 0xfe, 0x1b, 0x1d, 0x0b, 0xc7,
  0xe7, 0x25, 0x3a, 0xe2, 0x04, 0x07, 0x33, 0xdc, 0x0f, 0x01, 0xdf, 0xe4,
  0x2c, 0x11, 0xe2, 0xf9, 0xf1, 0x25, 0xfe, 0x03, 0xe4, 0x03, 0xe8, 0xeb,
  0xf1, 0x14, 0xe9, 0xd7, 0xe6, 0x13, 0xdc, 0x17, 0x01, 0x19, 0x37, 0xf4,
  0xd3, 0xe7, 0xea, 0xee, 0xea, 0xfa, 0xcd, 0xcf, 0xdf, 0x06, 0xfa, 0x09,
  0x2b, 0x12, 0xe7, 0x15, 0x18, 0xce, 0x12, 0xcd, 0x0d, 0x09, 0xdf, 0x04,
  0xce, 0x11, 0x02, 0x0a, 0x18, 0xf7, 0x1c, 0x14, 0x20, 0x08, 0x42, 0xff,
  0x38, 0xef, 0xe7, 0x0d, 0xfe, 0xbf, 0xf4, 0x07, 0x03, 0x2f, 0xc2, 0x0c,
  0xe1, 0xf1, 0xf5, 0xf9, 0xd1, 0x40, 0xc9, 0xe2, 0xef, 0x50, 0xfe, 0x07,
  0x2a, 0x31, 0xfa, 0x05, 0x13, 0x21, 0x2d, 0xf9, 0x24, 0x02, 0xf8, 0xfe,
  0x07, 0x3a, 0x09, 0x28, 0x1c, 0xda, 0x3d, 0x4b, 0xfc, 0x0f, 0x10, 0x16,
  0xff, 0xf5, 0xf9, 0x15, 0xe6, 0xa2, 0x34, 0x18, 0x05, 0x31, 0xc0, 0x02,
  0x2f, 0x02, 0xfc, 0x0f, 0x09, 0x13, 0xd4, 0x1e, 0x01, 0x30, 0x0a, 0x24,
  0x31, 0x09, 0x04, 0x20, 0x0d, 0x0e, 0x02, 0x0d, 0x11, 0x19, 0x2b, 0x1b,
  0xf7, 0x27, 0x28, 0x0d, 0xf9, 0x22, 0x38, 0x0c, 0xe5, 0xef, 0x11, 0xf1,
  0xfb, 0x1a, 0x04, 0x0c, 0xf2, 0x12, 0x11, 0x06, 0x16, 0x11, 0x10, 0x13,
  0xdc, 0x06, 0xfc, 0xfd, 0xee, 0x0a, 0x1c, 0xfc, 0xec, 0x29, 0x15, 0x29,
  0x12, 0xf8, 0x34, 0x16, 0xee, 0xd8, 0xe9, 0xea, 0xea, 0xe9, 0x05, 0x08,
  0xe6, 0xe4, 0x1d, 0x1a, 0x09, 0xe2, 0x12, 0xe4, 0x08, 0xe4, 0x21, 0x08,
  0x00, 0xd6, 0x0d, 0x2f, 0x1f, 0x11, 0x19, 0x01, 0x0f, 0xe9, 0xf3, 0x1c,
  0x09, 0x22, 0xff, 0x07, 0x18, 0xfe, 0xcf, 0x03, 0x00, 0x18, 0x08, 0xfe,
  0x05, 0x02, 0xfb, 0x02, 0xfc, 0xd5, 0xe2, 0xfd, 0xe0, 0x01, 0x0d, 0x04,
  0xd9, 0x11, 0x0b, 0xf0, 0x04, 0x12, 0x11, 0xd6, 0xe0, 0xed, 0xfb, 0x12,
  0xea, 0xe4, 0x02, 0x0e, 0x06, 0x15, 0x10, 0xfa, 0x0b, 0xeb, 0xda, 0xf8,
  0x0b, 0x1b, 0xf2, 0x09, 0xff, 0xe5, 0xde, 0x1a, 0x06, 0x00, 0x10, 0xfc,
  0xf4, 0xfd, 0xd6, 0xe7, 0x1b, 0x1e, 0x1e, 0x15, 0x1d, 0xfc, 0x10, 0x13,
  0x06, 0x02, 0x17, 0x14, 0x36, 0x00, 0x24, 0xfd, 0x1b, 0xff, 0x1f, 0x0a,
  0x25, 0x12, 0xee, 0x20, 0x1d, 0x15, 0xf7, 0xfd, 0x03, 0x0b, 0x01, 0x04,
  0x1d, 0x2f, 0x33, 0x26, 0x28, 0x1a, 0x23, 0x34, 0xdb, 0x38, 0x48, 0xe6,
  0xf5, 0x0a, 0x21, 0xdb, 0xf0, 0xf4, 0x0a, 0xf7, 0xff, 0x1b, 0xfc, 0xfb,
  0xea, 0x01, 0xff, 0xf1, 0x09, 0x23, 0x15, 0xef, 0x0f, 0x1b, 0x17, 0xf4,
  0x13, 0xfc, 0x00, 0x0a, 0xfc, 0x03, 0xf5, 0x05, 0x18, 0xf9, 0x1e, 0x0d,
  0x04, 0x14, 0x0d, 0xe5, 0xf2, 0xf6, 0xfc, 0x02, 0x02, 0x29, 0xe5, 0xf8,
  0x06, 0x12, 0x1d, 0xed, 0xf9, 0xe1, 0xdd, 0xcf, 0xd1, 0x16, 0x11, 0xda,
  0xc5, 0xfd, 0xf1, 0xe9, 0xf6, 0x01, 0x41, 0xde, 0x17, 0xfd, 0x27, 0xf4,
  0x3b, 0x03, 0xe8, 0x16, 0x05, 0x09, 0xe7, 0xfb, 0x20, 0x1d, 0xda, 0x01,
  0x18, 0x1c, 0x0f, 0xd9, 0x0f, 0x65, 0xd8, 0xd1, 0xd9, 0xe9, 0xe6, 0x12,
  0x1c, 0x16, 0xfb, 0xf4, 0xdd, 0x01, 0x08, 0xd7, 0xe2, 0x18, 0xda, 0xc6,
  0xe0, 0xc8, 0xdc, 0x1b, 0x42, 0xff, 0xc6, 0x33, 0xb0, 0xbf, 0xd0, 0xc1,
  0xbe, 0x01, 0xd6, 0xb9, 0xa6, 0x7f, 0xb9, 0x25, 0x38, 0xc3, 0xf8, 0x55,
  0xfb, 0x0d, 0x05, 0xf2, 0x01, 0xf6, 0x1e, 0x01, 0xf2, 0x2d, 0xf9, 0xeb,
  0xe7, 0xea, 0x46, 0xf4, 0xe8, 0xcd, 0x26, 0xf3, 0x0c, 0xe9, 0xe1, 0x1e,
  0x09, 0xee, 0x18, 0xf0, 0xfa, 0xf5, 0xd3, 0xf6, 0x03, 0xc9, 0x0d, 0x06,
  0x0c, 0xdc, 0xc5, 0xfb, 0x15, 0x21, 0x00, 0x10, 0xec, 0xed, 0x06, 0x0b,
  0x0a, 0xfd, 0x17, 0x0b, 0x06, 0xe6, 0x18, 0xfd, 0x0d, 0x00, 0xf0, 0xd5,
  0xd2, 0xee, 0x12, 0x10, 0x18, 0xe5, 0xf1, 0xf1, 0x07, 0xec, 0xfc, 0xe8,
  0xe9, 0x9c, 0xe6, 0x9c, 0xc2, 0x0f, 0x33, 0x85, 0xe8, 0xbd, 0x1f, 0x1f,
  0xeb, 0x03, 0xe7, 0x19, 0x28, 0xfa, 0x1f, 0xe2, 0xf6, 0x29, 0x06, 0xdc,
  0xbe, 0x03, 0xc7, 0xf3, 0xd5, 0x07, 0x15, 0xca, 0xf6, 0x15, 0xf1, 0xd9,
  0xe0, 0xdb, 0x08, 0x13, 0xed, 0xe0, 0xf2, 0x04, 0x00, 0xc7, 0x04, 0x12,
  0xe1, 0xb2, 0x07, 0x10, 0xfe, 0xfe, 0xff, 0x02, 0x2c, 0x3f, 0xf5, 0x13,
  0x08, 0xe9, 0xe2, 0xfa, 0xfd, 0xdd, 0xff, 0x0f, 0x0b, 0xfb, 0xf0, 0x10,
  0x20, 0x27, 0xfb, 0xff, 0x14, 0x1e, 0xff, 0x0d, 0x08, 0x3e, 0x0b, 0xf4,
  0xe7, 0x27, 0x19, 0xe6, 0xf8, 0x11, 0x16, 0x1d, 0x14, 0x20, 0xf6, 0x12,
  0x19, 0x18, 0x13, 0xec, 0x1f, 0x13, 0x2a, 0xc0, 0xff, 0x07, 0x51, 0xd5,
  0x1c, 0x0c, 0x2e, 0xe3, 0xec, 0x29, 0xb6, 0xf5, 0xee, 0x2f, 0x0f, 0x26,
  0xf0, 0x17, 0x18, 0xfd, 0x05, 0x33, 0xb9, 0xec, 0xf6, 0xe8, 0x17, 0x10,
  0x13, 0x13, 0x4a, 0xfc, 0x10, 0x0d, 0xda, 0xf1, 0x0a, 0xf0, 0xba, 0x1b,
  0x10, 0x03, 0xd5, 0x18, 0x1e, 0x19, 0xe6, 0xeb, 0xf3, 0xe9, 0xcf, 0xe6,
  0xee, 0x0c, 0xd9, 0xde, 0xc3, 0xf5, 0xe8, 0x15, 0x0b, 0x09, 0x1d, 0xe7,
  0x15, 0xe1, 0x25, 0xe1, 0x21, 0x01, 0x0c, 0xfd, 0xe0, 0x1c, 0xe2, 0x16,
  0x04, 0x0d, 0xc8, 0x39, 0xe5, 0xdd, 0xe9, 0xd6, 0xe6, 0x20, 0x01, 0xdf,
  0xcb, 0x1f, 0xf1, 0x1c, 0xff, 0x19, 0xa4, 0x1c, 0xe8, 0xf6, 0xe0, 0xf7,
  0xd5, 0xfa, 0xd7, 0xea, 0xf2, 0x2f, 0x05, 0x30, 0x24, 0xe1, 0x08, 0x39,
  0x11, 0xe6, 0x0d, 0x18, 0x0e, 0xd6, 0xf7, 0x37, 0x2b, 0xe4, 0x3a, 0x20,
  0xf7, 0xe3, 0xe0, 0x12, 0x3e, 0xfa, 0x27, 0x1f, 0x2c, 0xdc, 0x29, 0x46,
  0x19, 0xcc, 0x2e, 0x0d, 0x23, 0x11, 0xac, 0xd9, 0x0e, 0x12, 0x01, 0xfb,
  0x06, 0x2d, 0x31, 0xf6, 0xe9, 0x5e, 0xde, 0xf9, 0xfb, 0x2d, 0x2b, 0x22,
  0xed, 0xed, 0xef, 0x0d, 0x1b, 0x2b, 0x0e, 0x13, 0x31, 0x0f, 0x30, 0x0c,
  0x27, 0x11, 0x1b, 0x23, 0x02, 0x0a, 0xf7, 0xfd, 0xfb, 0x02, 0x04, 0xff,
  0xf2, 0x29, 0xf5, 0x2d, 0x04, 0x05, 0xe3, 0x11, 0xbf, 0xf3, 0xcd, 0xd2,
  0xb0, 0x1e, 0x4e, 0xb2, 0xc6, 0xf7, 0xc1, 0x03, 0xf7, 0xef, 0xf9, 0x08,
  0x15, 0xc2, 0xef, 0xef, 0x08, 0xee, 0x08, 0x26, 0xdf, 0xe2, 0x08, 0x07,
  0x05, 0xdc, 0x3b, 0x1b, 0x43, 0x45, 0xda, 0x1b, 0x36, 0xf5, 0xa2, 0x0a,
  0x15, 0xf1, 0x15, 0x0e, 0x2f, 0x0a, 0x81, 0x18, 0x04, 0xf8, 0xf9, 0x03,
  0xe1, 0x34, 0x27, 0x19, 0xf4, 0x39, 0x1b, 0x1b, 0x21, 0xfd, 0xf3, 0x03,
  0xf0, 0xf6, 0xd3, 0xf0, 0xe8, 0xe1, 0x2f, 0xf2, 0xcc, 0xfe, 0xe9, 0xfa,
  0xe8, 0xd7, 0xf0, 0xd2, 0xfc, 0x25, 0xf0, 0x13, 0x04, 0x02, 0xe5, 0x18,
  0x11, 0xd4, 0x10, 0xfa, 0xf4, 0xfa, 0xbc, 0xe1, 0xf4, 0x16, 0xeb, 0x19,
  0xef, 0xee, 0x0b, 0xf6, 0xf3, 0xf4, 0xf1, 0x0f, 0x41, 0xec, 0xeb, 0x0b,
  0x01, 0xf8, 0xcb, 0x0d, 0x05, 0xdf, 0x22, 0x01, 0xe7, 0x29, 0x00, 0x08,
  0x04, 0xe4, 0x10, 0x04, 0x2f, 0x05, 0x27, 0x2e, 0x33, 0xd2, 0xf2, 0x56,
  0x1a, 0xd6, 0x51, 0xe2, 0xfe, 0xf8, 0xc0, 0x9e, 0xff, 0x36, 0xdc, 0xfe,
  0xe8, 0x09, 0x18, 0xdf, 0xf1, 0x10, 0xe3, 0xfe, 0xfe, 0xf9, 0x25, 0x0d,
  0xf0, 0x08, 0x13, 0xf7, 0x04, 0xf0, 0x13, 0x03, 0x0e, 0xe7, 0x13, 0xe2,
  0xc7, 0xf7, 0x2b, 0xce, 0x1e, 0x27, 0x1a, 0x05, 0x24, 0x00, 0xf6, 0x08,
  0x08, 0xfd, 0xf6, 0xe5, 0xd9, 0x0e, 0x02, 0xd9, 0xf6, 0xf1, 0xa2, 0xd3,
  0xf7, 0x18, 0x04, 0xc6, 0xc9, 0x1c, 0xc8, 0xf8, 0xfa, 0x10, 0x11, 0xe6,
  0xfe, 0xcd, 0x03, 0x02, 0x01, 0x15, 0xe1, 0xfb, 0xff, 0xe6, 0xe7, 0x09,
  0x2f, 0x0b, 0xc5, 0x1c, 0xf2, 0xf7, 0x28, 0xe0, 0xeb, 0x1a, 0xe9, 0xd6,
  0xe9, 0x05, 0xf2, 0x0c, 0x03, 0x0f, 0xf2, 0x32, 0xe7, 0xf4, 0x04, 0xe8,
  0xeb, 0x00, 0xdf, 0xea, 0xe9, 0x96, 0xff, 0x20, 0x29, 0xd6, 0xe2, 0xf5,
  0xec, 0xe3, 0xf4, 0xf6, 0xe2, 0xf3, 0xd1, 0x00, 0xe4, 0x72, 0xd5, 0x0a,
  0x26, 0xd5, 0xdb, 0x38, 0x09, 0x27, 0x1a, 0xc4, 0x1a, 0x14, 0xfb, 0x13,
  0xef, 0x11, 0xd8, 0xf2, 0xea, 0x09, 0xf2, 0xf4, 0xf6, 0xe0, 0x17, 0x00,
  0x06, 0x20, 0xbc, 0xf8, 0x1c, 0x02, 0x10, 0x04, 0xf7, 0x03, 0xb1, 0x0b,
  0x16, 0xe6, 0x00, 0xf5, 0x03, 0xea, 0x0a, 0x0e, 0xee, 0x09, 0x00, 0x16,
  0x0e, 0xec, 0xfc, 0x0c, 0xda, 0xf5, 0xec, 0x08, 0xd2, 0x28, 0xf9, 0x04,
  0xfc, 0xfb, 0x00, 0x15, 0x20, 0xf4, 0x00, 0xfd, 0xf4, 0xf2, 0xcb, 0x02,
  0xf4, 0x2b, 0xd4, 0xf7, 0x08, 0x19, 0x07, 0x14, 0xef, 0x9e, 0x22, 0xdf,
  0x02, 0xf2, 0x06, 0x09, 0x0a, 0xe5, 0x14, 0x03, 0x17, 0xe3, 0x10, 0xfc,
  0xef, 0x05, 0xe8, 0xf3, 0xbf, 0x0a, 0xe5, 0x02, 0xcb, 0x10, 0x0e, 0xdc,
  0xfb, 0x13, 0x10, 0xf1, 0xe3, 0x0e, 0x45, 0xfc, 0x01, 0xe3, 0x08, 0x17,
  0xf2, 0xf4, 0x03, 0x07, 0x0a, 0xe8, 0x1c, 0x0c, 0x09, 0x15, 0x05, 0x1f,
  0x27, 0x49, 0xd8, 0x13, 0x27, 0x11, 0xef, 0x14, 0x14, 0xfc, 0x0f, 0x11,
  0x29, 0xdf, 0x03, 0xe8, 0x2a, 0x2c, 0x06, 0x08, 0x09, 0xe7, 0x12, 0x0f,
  0xf6, 0x96, 0x03, 0xd5, 0xf6, 0x00, 0xec, 0xc0, 0x16, 0xec, 0x2e, 0x09,
  0x16, 0x1f, 0xfc, 0xf9, 0x01, 0xef, 0xee, 0x00, 0x01, 0x02, 0x17, 0x19,
  0xcd, 0xdb, 0x03, 0xfc, 0xe0, 0xbe, 0x13, 0xea, 0xfb, 0x48, 0xf0, 0xde,
  0xc5, 0x04, 0xd4, 0xfa, 0xfd, 0x00, 0x00, 0xf9, 0x08, 0x38, 0xf4, 0xf8,
  0xf4, 0xac, 0xf5, 0x17, 0x0f, 0xee, 0x0d, 0x27, 0xf8, 0x00, 0xe1, 0x00,
  0xed, 0x03, 0xcb, 0xf3, 0x00, 0xaa, 0xe1, 0x46, 0x3e, 0x02, 0xe4, 0x33,
  0x1d, 0x04, 0x0d, 0xf8, 0x11, 0x03, 0xf8, 0xff, 0xde, 0xca, 0xcc, 0x03,
  0xf6, 0xea, 0x0d, 0x0e, 0xee, 0xfa, 0xb4, 0xfd, 0xec, 0xff, 0x0a, 0xfa,
  0xf6, 0xd9, 0x13, 0x06, 0xf7, 0x00, 0xec, 0xfd, 0x0f, 0xcc, 0xe1, 0xfb,
  0xec, 0x2d, 0xfb, 0x06, 0xfc, 0x35, 0x0c, 0xf3, 0xd4, 0xf9, 0xff, 0x15,
  0xe7, 0xf9, 0xef, 0x05, 0xf3, 0xca, 0x00, 0x02, 0x00, 0x9b, 0x07, 0xd3,
  0xeb, 0x05, 0xb5, 0xb3, 0x02, 0xfe, 0xf8, 0x0a, 0xec, 0xfc, 0xf4, 0x0e,
  0x0d, 0xd7, 0x08, 0xfc, 0x40, 0xed, 0x21, 0xdf, 0xf8, 0x08, 0xab, 0x1c,
  0xd1, 0xd9, 0x17, 0xe9, 0x08, 0xf1, 0xeb, 0x09, 0xfd, 0xe2, 0x0b, 0xea,
  0xfb, 0x0b, 0x40, 0x23, 0x23, 0xff, 0x39, 0x21, 0x49, 0x39, 0x23, 0xf7,
  0xd3, 0xfb, 0xfb, 0x4a, 0x0a, 0x0e, 0xf9, 0x0e, 0x26, 0x28, 0x12, 0x0b,
  0xff, 0xf6, 0x0c, 0xf4, 0xd2, 0x2a, 0x75, 0xfa, 0xf4, 0x22, 0x0a, 0x0c,
  0x0e, 0xff, 0xeb, 0xff, 0x25, 0x00, 0x0a, 0x1e, 0x28, 0x34, 0x81, 0xe6,
  0xfe, 0x0d, 0xe7, 0xe6, 0xee, 0x3e, 0x35, 0xda, 0xc1, 0xc6, 0xc8, 0x1e,
  0xf3, 0xe7, 0x45, 0x0c, 0x18, 0xff, 0x35, 0x0e, 0x2a, 0xec, 0xf9, 0x26,
  0x0e, 0xb2, 0x12, 0x19, 0xe4, 0x06, 0xfa, 0xf3, 0x23, 0x20, 0x04, 0x09,
  0x14, 0x00, 0xe7, 0xfb, 0x01, 0x08, 0xf6, 0xe0, 0x1f, 0x1b, 0xf2, 0xe6,
  0xeb, 0xd9, 0xac, 0x0a, 0xd0, 0x02, 0x0e, 0x25, 0xf0, 0x25, 0x06, 0xe8,
  0x4a, 0x1d, 0x1f, 0xa9, 0x06, 0xf9, 0x21, 0xf5, 0x06, 0xb5, 0x0b, 0x0f,
  0xfc, 0x0e, 0xee, 0x02, 0x3e, 0xf0, 0x08, 0xe5, 0xd9, 0x0e, 0x0a, 0xf8,
  0xdb, 0xef, 0x05, 0xeb, 0x00, 0x07, 0xf4, 0x0b, 0xf4, 0x05, 0xef, 0xe8,
  0xda, 0xc4, 0x03, 0xef, 0xca, 0xe0, 0x10, 0xd4, 0xec, 0x33, 0xd2, 0xfd,
  0x05, 0xd4, 0x10, 0xf7, 0xe2, 0xd9, 0x0d, 0x0d, 0xf2, 0xd3, 0xf0, 0x10,
  0x10, 0xf0, 0x10, 0xf3, 0x15, 0xfa, 0xfd, 0xf7, 0x0e, 0xe9, 0x1c, 0xf9,
  0x09, 0xd8, 0x0c, 0x01, 0x08, 0x2c, 0xfa, 0x0e, 0x1b, 0xdd, 0xef, 0xf4,
  0xf3, 0x0e, 0x06, 0xfa, 0xf5, 0xff, 0xf9, 0xec, 0x09, 0x08, 0xf4, 0x1c,
  0x24, 0xf5, 0x13, 0x33, 0xe6, 0xf6, 0xfa, 0xfe, 0xf0, 0xe3, 0x10, 0xe3,
  0xf9, 0x21, 0xf7, 0xf4, 0xe4, 0xf3, 0x1c, 0xe0, 0xf8, 0xf6, 0x35, 0xfb,
  0x07, 0xe0, 0x08, 0xf0, 0x02, 0x13, 0x1a, 0xe2, 0xcc, 0x19, 0x38, 0x02,
  0x0f, 0xd5, 0x28, 0x11, 0x17, 0x1c, 0xef, 0x35, 0x1a, 0x58, 0x2f, 0xdc,
  0x05, 0x11, 0xca, 0xfd, 0x31, 0x02, 0x29, 0xfb, 0x1d, 0x23, 0x04, 0x07,
  0xf2, 0x9d, 0x05, 0x04, 0x15, 0x0b, 0xf2, 0xee, 0x15, 0x05, 0xf9, 0xe8,
  0x1f, 0x0e, 0xf0, 0xf4, 0xf5, 0xae, 0xed, 0x0b, 0x09, 0x50, 0x30, 0x1c,
  0xf8, 0x07, 0x16, 0xea, 0x00, 0x13, 0xf0, 0xed, 0xf6, 0xc0, 0xf4, 0x1f,
  0x2a, 0x2e, 0xf7, 0x21, 0xe8, 0xef, 0xf4, 0xd9, 0xe6, 0x23, 0xe9, 0xe6,
  0xd8, 0x7a, 0xbb, 0x25, 0x50, 0xee, 0xf6, 0x44, 0xb8, 0xfc, 0xd4, 0xdf,
  0xa3, 0x48, 0xc1, 0x3b, 0xe6, 0xe1, 0x84, 0xff, 0x19, 0x26, 0x3b, 0x95,
  0x6c, 0xa3, 0x85, 0x90, 0x1b, 0xb4, 0x33, 0x81, 0xf7, 0x0e, 0xd4, 0xe3,
  0xb8, 0x03, 0xd9, 0xbf, 0xe0, 0xa0, 0x86, 0xe5, 0x38, 0xc4, 0x4a, 0xc1,
  0x38, 0x36, 0xe6, 0x12, 0x85, 0x48, 0xda, 0xed, 0x43, 0xd9, 0xdc, 0xb8,
  0xe9, 0xd4, 0x14, 0x28, 0xa2, 0xdb, 0xa4, 0x1f, 0xc6, 0x8f, 0x3c, 0x83,
  0x0a, 0xfd, 0x33, 0x26, 0x05, 0x8e, 0xa4, 0xb1, 0x24, 0xa3, 0x22, 0xa0,
  0xee, 0xa8, 0xfb, 0xd4, 0x58, 0xb2, 0xa5, 0x46, 0x87, 0x9c, 0xd4, 0x31,
  0x45, 0xbf, 0xf0, 0x0a, 0x45, 0x15, 0x21, 0x22, 0x50, 0x99, 0x0a, 0x8d,
  0xc2, 0x46, 0x3c, 0xf0, 0x91, 0xca, 0xb4, 0x8d, 0x01, 0x8c, 0x3e, 0x3a,
  0x34, 0x1e, 0x24, 0xae, 0xbf, 0xfe, 0x39, 0x89, 0xb7, 0xf6, 0x84, 0xd5,
  0xd8, 0x49, 0xb3, 0x37, 0x44, 0x13, 0x9e, 0x4a, 0x88, 0xfe, 0xc7, 0xf9,
  0xcc, 0xa5, 0x37, 0xc8, 0xd1, 0xf6, 0xe8, 0xc5, 0xc7, 0xa5, 0x15, 0xbb,
  0xd1, 0x10, 0x28, 0xa9, 0xfd, 0x44, 0x4b, 0x37, 0xd9, 0xc1, 0x45, 0xee,
  0xcf, 0x31, 0xfd, 0x41, 0x2e, 0x27, 0xa3, 0xfa, 0x46, 0x06, 0xee, 0x85,
  0xb1, 0x44, 0xaa, 0x91, 0x08, 0x9c, 0x8d, 0x4b, 0xdb, 0x2b, 0x00, 0x89,
  0xff, 0x9f, 0xb4, 0x0b, 0xc1, 0x18, 0xf7, 0x18, 0x67, 0x3a, 0xe9, 0xcd,
  0x4c, 0x31, 0x44, 0x46, 0x30, 0x24, 0x26, 0x8a, 0xfc, 0x40, 0x3e, 0xf6,
  0xc3, 0x23, 0x89, 0x93, 0x8b, 0x11, 0xf8, 0xba, 0x3b, 0xef, 0x20, 0x14,
  0x2e, 0x35, 0xf9, 0x3a, 0xa1, 0xc9, 0x43, 0x16, 0x0f, 0x36, 0x96, 0x27,
  0x36, 0x4f, 0xd4, 0x01, 0x41, 0xd5, 0xd9, 0xd3, 0x99, 0x4e, 0x1a, 0x12,
  0x3c, 0x2b, 0x04, 0xa4, 0x87, 0xe8, 0x44, 0xbf, 0x11, 0x45, 0x3a, 0x46,
  0xb7, 0xb3, 0x11, 0x3d, 0x48, 0xd7, 0x1e, 0x8f, 0xa6, 0xe9, 0x99, 0x07,
  0xa2, 0xf5, 0x95, 0x16, 0x11, 0xc0, 0x38, 0xf5, 0xbe, 0xf2, 0x2e, 0x10,
  0xe2, 0x87, 0xda, 0x4c, 0x49, 0xf2, 0x3d, 0x3c, 0xe3, 0x3f, 0x38, 0x1f,
  0x8a, 0xb3, 0xa5, 0x26, 0xea, 0x96, 0x3d, 0x28, 0x4d, 0x0d, 0x4f, 0xe0,
  0xcd, 0xd2, 0x50, 0x8e, 0xc1, 0x9c, 0xd8, 0xe7, 0xf2, 0xec, 0xa6, 0x8b,
  0xcc, 0x98, 0xe7, 0x95, 0xca, 0xc3, 0x14, 0xf5, 0x31, 0x4a, 0xe4, 0x91,
  0x42, 0x43, 0xc8, 0xcf, 0xef, 0xab, 0xe8, 0x96, 0x13, 0xfc, 0x9f, 0x00,
  0xef, 0x9d, 0xd8, 0xcb, 0x47, 0xac, 0xbc, 0x47, 0x48, 0x49, 0xf1, 0x86,
  0x93, 0xda, 0x49, 0x28, 0x4a, 0xa8, 0xd0, 0xa1, 0xcc, 0xfe, 0xbd, 0xf9,
  0xc8, 0xa4, 0x4f, 0xf8, 0x4d, 0x2c, 0x06, 0xb0, 0x9c, 0x85, 0xc5, 0x05,
  0xbc, 0xa5, 0x41, 0xf6, 0x1c, 0x20, 0xc0, 0x96, 0xd3, 0x3f, 0xc1, 0xdc,
  0xa6, 0x99, 0x0d, 0xf8, 0xf7, 0x9a, 0x28, 0xf0, 0xfb, 0x27, 0x0f, 0xc4,
  0x02, 0x19, 0xc2, 0xb6, 0x1b, 0xff, 0x1d, 0x30, 0x01, 0xc4, 0x91, 0xc5,
  0x24, 0x95, 0x89, 0x1a, 0x07, 0x02, 0x48, 0xb5, 0x0e, 0x1a, 0xd8, 0x4f,
  0x31, 0xa5, 0xb1, 0xcf, 0x0e, 0xdc, 0x0b, 0x43, 0xd1, 0x05, 0xff, 0x30,
  0xad, 0x92, 0x39, 0xb9, 0x1d, 0x95, 0xe8, 0xef, 0x4f, 0xe6, 0x27, 0xca,
  0x40, 0xee, 0x33, 0x0a, 0x49, 0xf0, 0xeb, 0x39, 0x1a, 0xca, 0xc8, 0x36,
  0x40, 0x36, 0x08, 0x2a, 0xe7, 0xf8, 0xf0, 0x20, 0xbc, 0x9c, 0x06, 0x30,
  0x17, 0xdc, 0xb8, 0xcc, 0xa2, 0xcd, 0xfa, 0xdc, 0xf0, 0xee, 0x47, 0xfb,
  0x93, 0xfc, 0x07, 0xf9, 0x40, 0x1d, 0x8d, 0xcf, 0x27, 0x45, 0xf7, 0xd0,
  0x8e, 0x32, 0x9c, 0xf8, 0x08, 0x26, 0xc9, 0x86, 0x34, 0x19, 0x3b, 0xfe,
  0xd5, 0x92, 0x40, 0xdf, 0xf3, 0x25, 0x00, 0xf7, 0xb1, 0xc2, 0xe9, 0xa4,
  0xea, 0xe8, 0x29, 0xc5, 0xb3, 0x13, 0x14, 0xbb, 0x18, 0xe2, 0x00, 0x34,
  0xbb, 0xbc, 0xe3, 0x17, 0xa8, 0xd2, 0x0b, 0x43, 0xfb, 0x21, 0xd0, 0x06,
  0xfc, 0x12, 0xe7, 0xb4, 0xb2, 0x2c, 0x15, 0x36, 0x3a, 0xd4, 0xd7, 0x37,
  0xdb, 0xc3, 0x98, 0xe5, 0xdf, 0xf1, 0x43, 0x14, 0x05, 0xa6, 0xb8, 0x20,
  0xf4, 0x95, 0x92, 0xee, 0xa7, 0xc6, 0x35, 0xb5, 0x35, 0x0e, 0xfd, 0x4c,
  0x19, 0xd3, 0xc0, 0xf1, 0xcb, 0x31, 0x0b, 0xa7, 0x90, 0xa6, 0xc4, 0x27,
  0x3b, 0x3e, 0xee, 0x52, 0x30, 0x91, 0x8a, 0xa8, 0x05, 0x45, 0x3d, 0x05,
  0xb0, 0x02, 0x28, 0xc0, 0x3a, 0xa4, 0x2f, 0xe5, 0xda, 0x2e, 0xbc, 0xb6,
  0x62, 0x8b, 0xf7, 0x3f, 0xf3, 0x0b, 0x04, 0xba, 0x04, 0x0f, 0xe3, 0x66,
  0xfc, 0x07, 0x35, 0xdc, 0xe6, 0x89, 0x61, 0x09, 0x27, 0xe7, 0x0d, 0x09,
  0x1b, 0x25, 0x1f, 0xe9, 0x25, 0x09, 0xeb, 0x15, 0xd9, 0x04, 0xfa, 0xe9,
  0xf7, 0x0c, 0xf6, 0xca, 0xf5, 0xe2, 0x17, 0x1e, 0xf8, 0x21, 0xac, 0x04,
  0x2b, 0x1b, 0x07, 0xff, 0xfc, 0x0d, 0xce, 0x11, 0xed, 0xf1, 0xe4, 0x03,
  0xde, 0x10, 0x1b, 0xef, 0xf0, 0x03, 0xfb, 0x00, 0xe9, 0xf7, 0xfe, 0xf0,
  0xfd, 0xf0, 0x0a, 0xf8, 0x05, 0x21, 0xf8, 0xfa, 0xed, 0x03, 0xe1, 0x04,
  0x10, 0xf2, 0xef, 0x04, 0xe5, 0xb4, 0xdc, 0xf9, 0xe8, 0x10, 0xde, 0xfe,
  0x01, 0xeb, 0xfb, 0x10, 0x00, 0xd5, 0xe1, 0xec, 0x06, 0xe9, 0xff, 0x03,
  0xfd, 0xf6, 0x07, 0x01, 0x00, 0xd4, 0x0a, 0xf5, 0xfd, 0xf0, 0xec, 0x14,
  0xdc, 0x10, 0xc2, 0x05, 0xd2, 0x03, 0x0e, 0xe3, 0x03, 0xe5, 0x00, 0xf6,
  0xca, 0xf2, 0x08, 0xe2, 0xef, 0xc1, 0xe5, 0x10, 0xd5, 0xf2, 0xfb, 0x04,
  0x04, 0xe1, 0x01, 0xf3, 0xf8, 0xf0, 0xf8, 0xfb, 0x17, 0x1f, 0xed, 0x18,
  0x25, 0xef, 0xdb, 0x1f, 0x0b, 0xcc, 0x16, 0xe0, 0xe7, 0xcb, 0x0a, 0xc8,
  0x15, 0x1c, 0x12, 0x0e, 0x0b, 0xe7, 0x24, 0x19, 0x0d, 0xb6, 0x08, 0xce,
  0xe1, 0x14, 0xe7, 0xd9, 0x0d, 0x02, 0xfb, 0x0c, 0x0a, 0x15, 0x03, 0xf8,
  0xef, 0x1c, 0xec, 0xfa, 0xfa, 0xf1, 0x14, 0xef, 0xea, 0xfd, 0xf5, 0xf4,
  0x0e, 0xc9, 0x12, 0xf2, 0xfe, 0x05, 0xe5, 0xf1, 0xf4, 0xf1, 0xc0, 0x0c,
  0x15, 0x25, 0x26, 0xf3, 0x1f, 0x2f, 0xf2, 0xfd, 0x0c, 0xad, 0xf1, 0x28,
  0x0f, 0x16, 0x1e, 0x2d, 0xed, 0x15, 0xfc, 0xf3, 0xfd, 0x17, 0xf4, 0xf5,
  0xfa, 0xcb, 0xec, 0x0b, 0x00, 0x0b, 0xf4, 0xf9, 0xf7, 0xf1, 0x0d, 0xf5,
  0xeb, 0xfb, 0x09, 0xd7, 0xd5, 0xc2, 0xe8, 0xc3, 0xe7, 0xfb, 0x0d, 0xf2,
  0x0c, 0xfb, 0xd6, 0xfb, 0xe1, 0xee, 0xfc, 0xf6, 0x03, 0xd9, 0xfd, 0xf2,
  0x09, 0xf4, 0xe7, 0xf7, 0xfc, 0xf7, 0xb8, 0x07, 0xd2, 0x29, 0xf1, 0x0a,
  0x06, 0x34, 0x0b, 0x01, 0xf7, 0x0c, 0xd6, 0x05, 0x00, 0xf8, 0xeb, 0x0c,
  0xe5, 0xe5, 0x07, 0x05, 0x05, 0xcf, 0x10, 0xf0, 0x0b, 0xb5, 0xbe, 0x01,
  0x01, 0xec, 0xf6, 0x1c, 0xe9, 0xef, 0x12, 0x15, 0x0d, 0x81, 0x10, 0xea,
  0x0a, 0xe0, 0x21, 0xd7, 0xf4, 0x05, 0xc3, 0x21, 0xe9, 0xe5, 0x2d, 0x0f,
  0x1d, 0xf7, 0xf7, 0xe5, 0xea, 0xcf, 0x1a, 0xd0, 0xf7, 0x2e, 0x17, 0x2c,
  0x0a, 0x29, 0x2b, 0x0e, 0x2e, 0xec, 0x1a, 0xe5, 0xa2, 0x16, 0xc5, 0xfc,
  0x11, 0x11, 0xed, 0x0d, 0x0c, 0x4c, 0x0c, 0xf0, 0xea, 0xe0, 0xed, 0xed,
  0x06, 0x1a, 0x62, 0x16, 0xfc, 0x2e, 0xf8, 0x14, 0x0a, 0xf3, 0xec, 0x05,
  0x35, 0xd8, 0x04, 0x38, 0x10, 0x32, 0x82, 0x28, 0x13, 0x28, 0xdc, 0xe3,
  0x01, 0x61, 0x34, 0xf7, 0xbd, 0x91, 0xc1, 0x20, 0xf2, 0xdd, 0x7c, 0x0d,
  0x0e, 0x1b, 0x41, 0x10, 0x24, 0xfd, 0xda, 0x23, 0x27, 0xe8, 0x1a, 0x18,
  0xbd, 0x22, 0xd0, 0x17, 0xf4, 0x10, 0xf6, 0xf7, 0xdb, 0x04, 0x0f, 0xe0,
  0xd8, 0x3c, 0xe2, 0xf6, 0x1f, 0x19, 0x21, 0x02, 0xe2, 0xcb, 0xe0, 0xf6,
  0xe0, 0xda, 0xcf, 0x15, 0xf2, 0x17, 0x07, 0xfc, 0x68, 0x16, 0x09, 0xca,
  0xff, 0xd7, 0x07, 0x00, 0x06, 0xb5, 0xd8, 0xfc, 0x05, 0x0e, 0x04, 0xf3,
  0x3c, 0xfe, 0x02, 0xb6, 0xdd, 0xeb, 0x27, 0xf8, 0xe3, 0xf4, 0x1a, 0xf5,
  0xff, 0x3b, 0xf0, 0xfd, 0xee, 0xf4, 0x40, 0xf2, 0xc6, 0xc4, 0x1a, 0xec,
  0xd4, 0xca, 0xf7, 0xce, 0xf6, 0x1f, 0xe1, 0xf0, 0xec, 0x0a, 0x02, 0x36,
  0x02, 0xed, 0xf5, 0x0a, 0xf8, 0xd9, 0xef, 0x13, 0x0a, 0x30, 0x12, 0x15,
  0x44, 0x01, 0x02, 0x0e, 0x02, 0x0b, 0xf6, 0xf3, 0x01, 0xdb, 0xff, 0xe8,
  0xf2, 0x28, 0xf7, 0x04, 0x08, 0xfb, 0xe1, 0x02, 0xf5, 0x02, 0x0c, 0x09,
  0x08, 0x13, 0x09, 0xff, 0x09, 0xdb, 0x04, 0x13, 0x1b, 0xf7, 0x15, 0x33,
  0xd2, 0xe8, 0xdd, 0xfe, 0xd2, 0xdd, 0x16, 0xe7, 0x0a, 0x24, 0x00, 0x1f,
  0xfe, 0xf4, 0xf2, 0x2a, 0xfe, 0xf0, 0x12, 0xf8, 0xf8, 0xf6, 0x18, 0x0b,
  0xfc, 0x33, 0x2a, 0xde, 0xd4, 0xec, 0x50, 0xf0, 0x16, 0xe2, 0x4b, 0x17,
  0x3d, 0xd3, 0xe2, 0x33, 0x29, 0x18, 0x21, 0xd6, 0xd7, 0x44, 0xb3, 0xdb,
  0x2b, 0x18, 0x4f, 0xfb, 0x3d, 0x1b, 0x0e, 0x0f, 0x07, 0xde, 0xff, 0x11,
  0x11, 0x20, 0x03, 0x20, 0x0e, 0x13, 0xf7, 0xe4, 0x15, 0x42, 0xf6, 0xd9,
  0xea, 0xd9, 0xec, 0x1f, 0x0c, 0x52, 0x49, 0x22, 0xfd, 0x0f, 0x23, 0xf9,
  0x06, 0x1b, 0xfb, 0xee, 0x08, 0xbb, 0x06, 0x26, 0x1b, 0x4b, 0xfe, 0x31,
  0xf0, 0xf6, 0xea, 0xd8, 0xe7, 0x15, 0xf6, 0xcc, 0xd2, 0x5e, 0xbe, 0x17,
  0x52, 0xee, 0xef, 0x31, 0xe9, 0x1e, 0x10, 0xf1, 0xef, 0x18, 0x03, 0xf7,
  0xfd, 0x20, 0xea, 0x09, 0x0a, 0x11, 0xd5, 0x16, 0xcb, 0xd3, 0xea, 0xec,
  0x04, 0x05, 0x0c, 0xfa, 0xce, 0x12, 0xf9, 0x21, 0x23, 0xda, 0x3b, 0x0c,
  0x31, 0xf9, 0x36, 0x0d, 0x41, 0xde, 0xcd, 0x3b, 0x2f, 0xd9, 0x2a, 0x17,
  0xeb, 0x0c, 0xdb, 0x19, 0x04, 0x1e, 0xc7, 0x1a, 0xd4, 0x1d, 0x06, 0xff,
  0x08, 0xee, 0x14, 0x02, 0x17, 0x0b, 0xe2, 0xcc, 0xfb, 0xda, 0xe4, 0xf1,
  0xf1, 0x13, 0x2b, 0xf2, 0xce, 0x19, 0xda, 0xf8, 0x05, 0xef, 0x44, 0xf1,
  0xf8, 0x07, 0x16, 0x16, 0x24, 0x0a, 0xfa, 0x28, 0x1b, 0x26, 0x28, 0x0a,
  0xfc, 0x11, 0x0a, 0x18, 0xba, 0x21, 0xf4, 0x05, 0xdc, 0x26, 0x14, 0xd8,
  0xfc, 0x0d, 0x11, 0xff, 0x0d, 0x22, 0xe1, 0x06, 0xcd, 0xb8, 0xda, 0xf1,
  0xd6, 0xeb, 0x11, 0xe3, 0xe8, 0x13, 0xf9, 0x1f, 0x2f, 0xfb, 0x0f, 0x39,
  0x17, 0x32, 0xcd, 0x06, 0xf6, 0xf5, 0xf7, 0xfb, 0xf7, 0x15, 0x08, 0x02,
  0xde, 0xcf, 0x0c, 0x13, 0x23, 0x23, 0xfb, 0xf4, 0x2a, 0xe0, 0xd8, 0x1e,
  0xdd, 0x94, 0x0a, 0xac, 0xd1, 0xfd, 0xf0, 0x82, 0x1d, 0x2d, 0x35, 0xfe,
  0x1d, 0x19, 0xc3, 0xff, 0x29, 0xe6, 0x01, 0xeb, 0x08, 0x36, 0xcb, 0xf0,
  0xa7, 0xc8, 0x09, 0xc6, 0x90, 0xef, 0x40, 0xb1, 0xb1, 0x55, 0xce, 0xcd,
  0xd2, 0xe9, 0xf8, 0xe2, 0xb8, 0x81, 0x14, 0xea, 0xce, 0xfe, 0xf4, 0xdc,
  0xe2, 0xfd, 0xee, 0xfc, 0x0e, 0xe1, 0x1c, 0x10, 0xf6, 0xcc, 0xf9, 0x11,
  0x00, 0xbe, 0x8e, 0x20, 0x32, 0xeb, 0x13, 0x1e, 0x33, 0xed, 0xd4, 0x1a,
  0x2e, 0x0f, 0x0f, 0xff, 0x15, 0xf1, 0xea, 0x0d, 0xf1, 0xe4, 0xf0, 0xdf,
  0xe6, 0x01, 0x07, 0xf6, 0x08, 0x08, 0xf4, 0xee, 0x11, 0x05, 0x06, 0x11,
  0xe4, 0xe2, 0x03, 0xe6, 0xf5, 0x16, 0xe9, 0xc4, 0xfa, 0xdb, 0xe1, 0xec,
  0x05, 0x3a, 0xec, 0xfa, 0x01, 0x5d, 0xf5, 0xf9, 0xd6, 0xf5, 0x3f, 0xfd,
  0xed, 0xfe, 0x0d, 0xf9, 0x04, 0xd6, 0xfe, 0x0d, 0x0b, 0xd7, 0x11, 0x14,
  0xf9, 0x26, 0xaa, 0xf9, 0x28, 0x16, 0x01, 0x09, 0x0d, 0x27, 0xec, 0x19,
  0xf6, 0x4f, 0x17, 0x03, 0x33, 0x05, 0x25, 0xfc, 0x38, 0x18, 0x1c, 0x0b,
  0x25, 0x06, 0xda, 0x31, 0xf6, 0xdf, 0x0e, 0xff, 0x0b, 0x1d, 0xbe, 0xed,
  0x2b, 0x23, 0x39, 0x0a, 0x32, 0x14, 0x39, 0x15, 0x03, 0x5a, 0xf9, 0x10,
  0x11, 0x40, 0x43, 0x45, 0xf2, 0xe8, 0x36, 0x13, 0x1e, 0x43, 0xdd, 0x1e,
  0x3e, 0x0f, 0x36, 0x1d, 0x31, 0x3a, 0xca, 0x23, 0xff, 0xff, 0x19, 0xf3,
  0xf5, 0xfd, 0x1e, 0xdd, 0xe8, 0x35, 0xe5, 0x49, 0x29, 0xf7, 0xed, 0x45,
  0xec, 0xea, 0xe9, 0xfc, 0xec, 0xd4, 0x07, 0xf9, 0xfd, 0xca, 0x15, 0x1d,
  0x03, 0xdc, 0x0b, 0xfe, 0x1a, 0xff, 0x23, 0x05, 0xf8, 0xd0, 0x08, 0x0a,
  0xf3, 0xeb, 0x01, 0x04, 0xe7, 0xf5, 0x24, 0x09, 0x28, 0xe8, 0x26, 0x1f,
  0x4f, 0xde, 0xde, 0x2c, 0x28, 0xf9, 0x0e, 0xef, 0x09, 0x05, 0xc0, 0xda,
  0xd7, 0xe3, 0xc9, 0xf1, 0xa7, 0xd7, 0x1a, 0xe8, 0xe6, 0x1b, 0xdd, 0xd0,
  0x03, 0x02, 0x09, 0xb2, 0xee, 0xe6, 0x14, 0xf8, 0xf6, 0xf0, 0xeb, 0xef,
  0x07, 0x12, 0x0d, 0x03, 0x22, 0xec, 0xdb, 0x04, 0xc2, 0x07, 0xfc, 0xed,
  0xc3, 0xeb, 0x05, 0xe1, 0x07, 0xeb, 0xef, 0x04, 0xef, 0xe6, 0x81, 0xfb,
  0xdb, 0xd9, 0xee, 0xf1, 0xcd, 0xd9, 0x0c, 0x05, 0xd8, 0x1b, 0xf6, 0xe4,
  0xfb, 0xc8, 0x0b, 0xd9, 0xd5, 0xb4, 0x23, 0x22, 0x07, 0xf1, 0xf9, 0x22,
  0x31, 0x00, 0x16, 0xd0, 0xe3, 0xf6, 0x19, 0xf7, 0x0f, 0x0d, 0x3a, 0x21,
  0x25, 0xe7, 0x15, 0x16, 0x2c, 0x07, 0x08, 0x07, 0x01, 0xea, 0xf0, 0x00,
  0xed, 0x1c, 0xce, 0xf0, 0xe0, 0x3c, 0x11, 0xf3, 0xf8, 0x0b, 0xdf, 0xf8,
  0xf5, 0xf4, 0xbc, 0x10, 0xfc, 0x32, 0xd3, 0x11, 0x04, 0xf8, 0xe7, 0xf0,
  0xeb, 0xcd, 0xfe, 0x02, 0x11, 0xed, 0x43, 0xef, 0x29, 0x0f, 0x16, 0xff,
  0x13, 0xee, 0x1c, 0xe1, 0xeb, 0xc7, 0xc0, 0xe7, 0xf5, 0x15, 0x30, 0xe8,
  0x16, 0x11, 0x2c, 0xe5, 0x1c, 0x0b, 0x05, 0x06, 0xf2, 0x3d, 0xcd, 0xdc,
  0x3d, 0x26, 0x2e, 0xea, 0x2e, 0x1f, 0x13, 0xf5, 0x32, 0x5d, 0xd2, 0x21,
  0xf8, 0x01, 0x03, 0x05, 0x40, 0x0f, 0x13, 0xd5, 0x39, 0x2e, 0x3a, 0xe2,
  0x30, 0x46, 0xc4, 0xe0, 0xf2, 0xf5, 0xb9, 0xff, 0x1f, 0x42, 0x02, 0x11,
  0xcf, 0xfa, 0xfd, 0xd7, 0xd8, 0x1c, 0xe4, 0xcd, 0xca, 0xa7, 0xdd, 0x25,
  0x2d, 0x3e, 0xc9, 0x17, 0xb3, 0xd1, 0xc2, 0xa8, 0xca, 0x06, 0xcb, 0xa7,
  0xa3, 0x61, 0xa0, 0x36, 0x21, 0xc9, 0xff, 0x5d, 0xf1, 0x10, 0x18, 0xfc,
  0xfa, 0x3c, 0xaf, 0xbe, 0x15, 0xdd, 0xb5, 0xce, 0x07, 0x24, 0xc4, 0xc0,
  0xcb, 0xf2, 0xa7, 0xc3, 0x8e, 0x35, 0x2c, 0x9a, 0x92, 0xf1, 0xbf, 0xfc,
  0x34, 0xe3, 0xd6, 0x2e, 0xd3, 0xda, 0x98, 0x9d, 0xc1, 0xf0, 0xcc, 0xc0,
  0xba, 0xef, 0xb2, 0x3d, 0x21, 0xa0, 0xef, 0x28, 0xba, 0xa5, 0xf1, 0x2f,
  0xaf, 0xc9, 0xdd, 0x12, 0x17, 0xf4, 0x1c, 0x0e, 0x38, 0xc4, 0xbe, 0x22,
  0x20, 0xce, 0x3a, 0xf2, 0x09, 0xff, 0xe8, 0x29, 0xfa, 0x34, 0x2e, 0xef,
  0x0b, 0xd4, 0xbe, 0x2b, 0xee, 0xec, 0xd7, 0x02, 0xc0, 0xef, 0xa3, 0xb8,
  0xf1, 0xb7, 0xff, 0x06, 0xc4, 0xc3, 0xda, 0xbf, 0xf1, 0xc7, 0xda, 0xbe,
  0x90, 0xd5, 0xf0, 0xc7, 0x9a, 0x26, 0xab, 0xde, 0x16, 0xb1, 0xde, 0x22,
  0x9f, 0xb8, 0xb7, 0xd8, 0x95, 0xb2, 0xe4, 0xcd, 0xd0, 0xc6, 0xef, 0x0e,
  0xfd, 0xcf, 0xee, 0xbe, 0xf3, 0xe5, 0x34, 0xc9, 0xd6, 0xa6, 0xee, 0x1b,
  0xeb, 0xce, 0xd9, 0xc5, 0xc3, 0xd5, 0xac, 0xd4, 0xdf, 0xf5, 0xec, 0xf8,
  0xe9, 0xd7, 0xf3, 0xf7, 0x0a, 0xbc, 0xdd, 0xe2, 0x19, 0xcc, 0xab, 0xde,
  0xde, 0xcf, 0xdf, 0xb4, 0xba, 0xc0, 0x0f, 0x9d, 0xc1, 0x05, 0xbb, 0x08,
  0x2a, 0xba, 0x25, 0x36, 0xc9, 0xd0, 0xef, 0xce, 0x02, 0xd7, 0xaa, 0xd2,
  0xe1, 0xec, 0x1f, 0xf5, 0x13, 0xbe, 0xa3, 0xc6, 0xf0, 0xb1, 0x09, 0xac,
  0x88, 0xbc, 0xd3, 0x9c, 0xf7, 0xfe, 0xdb, 0xdb, 0x13, 0xfb, 0xe9, 0x03,
  0xb6, 0xdf, 0xf8, 0xa1, 0xb1, 0xbc, 0xcf, 0xd2, 0xea, 0xf7, 0xc6, 0xd2,
  0xbf, 0xf1, 0x2a, 0xff, 0xd9, 0xda, 0x0d, 0xa7, 0x04, 0xba, 0xa6, 0x08,
  0xbf, 0xa7, 0xca, 0x95, 0xdf, 0xdf, 0x93, 0xdc, 0xfe, 0x17, 0xe2, 0xb0,
  0xf5, 0xf8, 0xdc, 0xda, 0xab, 0x0b, 0xd1, 0x0c, 0x49, 0xfc, 0x01, 0xe2,
  0xaf, 0x0f, 0xf9, 0xa0, 0xf5, 0xd2, 0xd3, 0xd9, 0xd5, 0x0f, 0xd5, 0x10,
  0x56, 0x81, 0xcc, 0x29, 0xb1, 0xe4, 0x05, 0x05, 0xbc, 0xaf, 0xc9, 0x01,
  0xd0, 0xf0, 0x00, 0x31, 0x0c, 0x9a, 0xd3, 0x0c, 0xe8, 0x07, 0x10, 0xc4,
  0xed, 0xb0, 0xf9, 0xf7, 0xfb, 0x0d, 0x13, 0xf5, 0xf2, 0xcb, 0x16, 0xbd,
  0xbb, 0x0c, 0xd4, 0xc4, 0xb0, 0xfd, 0xa9, 0xce, 0xe4, 0xba, 0x07, 0x13,
  0x29, 0xc0, 0x06, 0x21, 0xf4, 0xf2, 0xbd, 0xdf, 0xab, 0xee, 0xb8, 0x8c,
  0x04, 0xec, 0xd8, 0x11, 0x10, 0xbd, 0x08, 0x2e, 0xc1, 0x0b, 0x15, 0xe5,
  0xc0, 0xbd, 0xb3, 0xa1, 0xb3, 0xc6, 0xb9, 0x08, 0xdb, 0xea, 0x17, 0x22,
  0xc1, 0xa6, 0x0b, 0xa1, 0xf1, 0xe6, 0xd0, 0x03, 0x03, 0xe2, 0xd0, 0xb7,
  0xe4, 0xf8, 0xc6, 0xa5, 0x0d, 0xde, 0x16, 0xc8, 0xe7, 0xd8, 0xa8, 0x22,
  0xd1, 0xbe, 0xc3, 0x94, 0x04, 0xe9, 0xf6, 0xbe, 0xf7, 0x01, 0x02, 0xcb,
  0xb9, 0xc7, 0xf0, 0xc2, 0xe6, 0xdc, 0xbe, 0x05, 0x07, 0xf1, 0xd5, 0xb8,
  0x8f, 0x23, 0xc7, 0xc1, 0x90, 0x17, 0xf2, 0xea, 0xcb, 0x4b, 0xb7, 0x0c,
  0x42, 0x09, 0x1c, 0xf6, 0x9e, 0xa9, 0x0f, 0xba, 0xb4, 0xd3, 0xba, 0xe9,
  0xf8, 0xf5, 0xad, 0xea, 0x24, 0x34, 0xee, 0xc4, 0xec, 0xb8, 0xd0, 0xe0,
  0xef, 0xb3, 0xd1, 0x9e, 0xeb, 0xf8, 0xa4, 0xe0, 0x1e, 0xc4, 0x06, 0xbf,
  0x01, 0xd1, 0x09, 0xee, 0xf6, 0xad, 0xba, 0xae, 0x04, 0xd1, 0xc8, 0xe2,
  0xe6, 0xe6, 0xd6, 0xbe, 0xe1, 0xcd, 0xb8, 0xe1, 0xe8, 0xf2, 0x02, 0xbe,
  0xaa, 0xd1, 0xee, 0xe2, 0xf0, 0xf9, 0xff, 0x0b, 0xc2, 0xcb, 0xcd, 0xe2,
  0x9e, 0xa7, 0xb2, 0xbd, 0xc6, 0x1d, 0xe7, 0x12, 0xff, 0xe1, 0xf4, 0x06,
  0xdb, 0x23, 0x3a, 0xe7, 0xc9, 0xa8, 0xd6, 0xd4, 0xe4, 0xa6, 0x92, 0xbb,
  0xcc, 0x0c, 0xc2, 0xb2, 0x18, 0x12, 0x21, 0xa1, 0x15, 0x11, 0xe2, 0xf2,
  0xb3, 0xd2, 0xaa, 0x95, 0xd2, 0x0d, 0xaf, 0xb3, 0xf6, 0xc6, 0xf9, 0xcb,
  0xe7, 0xe5, 0xf8, 0xf7, 0xc5, 0xd5, 0xac, 0xd9, 0x4b, 0x1d, 0xd6, 0xc5,
  0xff, 0xea, 0x26, 0xd7, 0xaa, 0xef, 0xd7, 0x99, 0xee, 0xe5, 0xff, 0xd4,
  0xfc, 0xe0, 0xab, 0xf4, 0x01, 0xb0, 0xeb, 0xb9, 0xd3, 0xbf, 0xf8, 0xed,
  0xb5, 0xb5, 0xed, 0xcb, 0x04, 0xfc, 0xf4, 0xeb, 0xc2, 0xac, 0x06, 0xab,
  0xda, 0xe3, 0xed, 0xb5, 0xe1, 0xcf, 0xde, 0xcf, 0x0f, 0xd8, 0xac, 0xcf,
  0xb1, 0xd4, 0xea, 0xa5, 0xed, 0xd7, 0xdb, 0x9a, 0xe2, 0xd7, 0xb1, 0xda,
  0x14, 0x36, 0xaf, 0xcc, 0xf8, 0x03, 0xc2, 0xd8, 0xbf, 0xcb, 0x35, 0xc0,
  0xb8, 0xec, 0x02, 0x0e, 0x20, 0xec, 0x0c, 0xe8, 0x02, 0xb4, 0x08, 0x15,
  0xbe, 0xd4, 0xb1, 0xf7, 0x17, 0xce, 0x1b, 0x0f, 0xe1, 0xdf, 0xa9, 0x02,
  0x00, 0x22, 0xfb, 0xe8, 0x01, 0x16, 0xf7, 0x02, 0xdd, 0x1d, 0xf1, 0x10,
  0x12, 0xf9, 0x40, 0x17, 0x02, 0xe9, 0x1f, 0x13, 0x1f, 0xf3, 0xde, 0x1b,
  0x1c, 0xea, 0x0c, 0x18, 0x06, 0x09, 0xd6, 0x22, 0xfb, 0xcd, 0xed, 0x0b,
  0xf5, 0xdc, 0xf6, 0x12, 0x09, 0xfe, 0x08, 0x08, 0xf9, 0x02, 0xe8, 0xfd,
  0x0f, 0xfb, 0x17, 0x02, 0x07, 0xee, 0x06, 0x1e, 0x00, 0x0e, 0x11, 0x07,
  0x16, 0xf1, 0x1e, 0x19, 0x03, 0xf4, 0xea, 0xe5, 0xf1, 0xf2, 0xf3, 0xe9,
  0xe0, 0xc6, 0xe1, 0xce, 0xd7, 0x18, 0x0a, 0xc8, 0xe7, 0xbc, 0xeb, 0xf6,
  0xd9, 0x11, 0xf0, 0xf8, 0xcd, 0x06, 0xe4, 0xeb, 0x05, 0x14, 0xfb, 0xec,
  0xbd, 0xf4, 0xbc, 0xed, 0xd0, 0xff, 0xc2, 0xd8, 0xe2, 0x0c, 0xef, 0x0f,
  0x0c, 0xf1, 0xe1, 0x17, 0xe0, 0xcf, 0xf0, 0xf5, 0xe7, 0xce, 0xda, 0xf3,
  0xe1, 0xdb, 0xfe, 0x0c, 0x06, 0xda, 0xf6, 0x0d, 0x1c, 0x1a, 0x18, 0xef,
  0x23, 0xd2, 0xea, 0x15, 0xf1, 0xd7, 0xf1, 0x16, 0xf0, 0xf1, 0xfa, 0x1f,
  0x1a, 0x1f, 0x2a, 0xef, 0x25, 0x13, 0x12, 0xf9, 0xd9, 0x40, 0x05, 0xdd,
  0xc9, 0x26, 0x1c, 0xd1, 0x08, 0x21, 0x14, 0x18, 0x10, 0x25, 0xe1, 0x0d,
  0x14, 0x16, 0x1b, 0xde, 0x07, 0x1f, 0xe5, 0xd2, 0x07, 0x0a, 0x33, 0xd9,
  0x1c, 0x0e, 0xfc, 0xf8, 0xf9, 0x1b, 0xe4, 0xf7, 0x02, 0x1c, 0x02, 0x0c,
  0xdd, 0x0b, 0x1d, 0xf6, 0xfd, 0x3d, 0xdf, 0xe9, 0xfa, 0xee, 0x0c, 0x12,
  0x07, 0x14, 0x1c, 0x16, 0xe8, 0x02, 0xe6, 0xe7, 0xde, 0xf0, 0xc9, 0x02,
  0xe0, 0xf9, 0xed, 0x14, 0x1b, 0x07, 0xf1, 0x15, 0x13, 0xde, 0x0b, 0xce,
  0x00, 0x07, 0xe5, 0xf7, 0xb5, 0xf3, 0xe6, 0xfe, 0x04, 0xf4, 0x31, 0x0d,
  0x14, 0xd3, 0x19, 0x01, 0x0f, 0xf4, 0x04, 0x10, 0xed, 0x02, 0xe6, 0x01,
  0x18, 0x22, 0xda, 0x1b, 0xdd, 0xdd, 0xdf, 0xf2, 0xc8, 0x31, 0xeb, 0xe2,
  0xf8, 0x68, 0xfa, 0x19, 0x12, 0x14, 0x32, 0x16, 0xe6, 0xee, 0xfc, 0x00,
  0xeb, 0xe4, 0xfb, 0x09, 0x06, 0x26, 0x23, 0x3c, 0x16, 0xd0, 0x98, 0x43,
  0x07, 0xea, 0xe5, 0x0b, 0xea, 0xe4, 0x06, 0x1a, 0xf4, 0xee, 0x03, 0x09,
  0xf6, 0xee, 0x00, 0x07, 0x5a, 0x25, 0x2d, 0x33, 0x3f, 0xe2, 0x12, 0x3a,
  0x33, 0xe3, 0x35, 0x14, 0xf2, 0x20, 0xcc, 0xf9, 0x0d, 0x0d, 0xfc, 0xf9,
  0x12, 0x3a, 0x25, 0xeb, 0xe8, 0x59, 0x0a, 0x06, 0xf5, 0x1a, 0x28, 0x0d,
  0xe9, 0x01, 0x1d, 0x21, 0x17, 0x0f, 0x09, 0x16, 0x0a, 0xf2, 0x1c, 0x22,
  0x2d, 0x1f, 0x10, 0x18, 0xfb, 0x18, 0x0f, 0xfb, 0xf5, 0x0c, 0x07, 0x09,
  0xfd, 0x23, 0xfb, 0x24, 0x15, 0xfe, 0x0d, 0x23, 0xfe, 0xfc, 0xe5, 0xf0,
  0xee, 0xfa, 0x14, 0xfd, 0xec, 0xee, 0xfb, 0x08, 0x02, 0xf5, 0x00, 0x04,
  0x03, 0xe9, 0xfc, 0xef, 0xe9, 0xfe, 0x0b, 0x19, 0xc2, 0x0f, 0x12, 0x09,
  0x01, 0xef, 0xfc, 0x11, 0x0b, 0xef, 0xed, 0x11, 0x12, 0xf2, 0xad, 0x22,
  0xf8, 0xf7, 0x10, 0x02, 0xf5, 0xf6, 0xdb, 0x09, 0x09, 0xe7, 0xee, 0x06,
  0xfa, 0x0a, 0xf9, 0x03, 0xf2, 0x04, 0xfa, 0xfb, 0x05, 0x0d, 0xcf, 0xf0,
  0xf3, 0x06, 0xcf, 0xf8, 0x02, 0x0d, 0xfc, 0x06, 0xea, 0x22, 0xf3, 0x11,
  0x12, 0xeb, 0x15, 0x0b, 0x0c, 0x3f, 0xfb, 0x10, 0x05, 0xf7, 0xdc, 0xff,
  0x09, 0xef, 0xfa, 0x13, 0x10, 0x02, 0xc0, 0x00, 0xef, 0xfd, 0xc8, 0xe4,
  0xde, 0xfa, 0x14, 0xe2, 0xd1, 0x0b, 0xf7, 0x0b, 0x24, 0xe9, 0xf4, 0x02,
  0xfc, 0xe0, 0xf4, 0x04, 0xeb, 0xe6, 0x12, 0xf9, 0xf3, 0x19, 0x06, 0xef,
  0xee, 0xe0, 0x08, 0xf8, 0x0a, 0xef, 0x43, 0x2a, 0x27, 0xe1, 0x04, 0x1e,
  0x0d, 0xed, 0x36, 0xef, 0xe9, 0xf1, 0xb3, 0xf3, 0xed, 0xf1, 0xd4, 0xe6,
  0xd1, 0xf7, 0xff, 0xdb, 0xe6, 0x14, 0x00, 0xe3, 0xf7, 0xfe, 0x08, 0xef,
  0x0e, 0xe9, 0x16, 0x06, 0x1a, 0xf3, 0x16, 0x0c, 0xfe, 0xe2, 0x06, 0xe5,
  0xef, 0xe6, 0x48, 0xf2, 0x12, 0x20, 0x28, 0xfe, 0x07, 0xea, 0xdf, 0x06,
  0x12, 0xdf, 0xfb, 0xe9, 0xe2, 0x19, 0xdb, 0xd9, 0x1c, 0x06, 0xba, 0xe0,
  0xfb, 0x24, 0x17, 0xec, 0xc9, 0x1e, 0xea, 0xd7, 0xf5, 0x0e, 0x2f, 0xdb,
  0x2e, 0x0b, 0x11, 0xf9, 0x43, 0x13, 0xd7, 0x11, 0x02, 0xb4, 0xe6, 0x06,
  0x1d, 0x2b, 0xc9, 0xe5, 0x1f, 0x3b, 0x20, 0xcb, 0x0d, 0x59, 0xe2, 0xd2,
  0xde, 0x2b, 0xc0, 0x18, 0x07, 0x27, 0x09, 0x14, 0xc9, 0xee, 0x0b, 0xe1,
  0xd3, 0x21, 0xed, 0xc9, 0xce, 0x81, 0x01, 0x14, 0x1a, 0x1e, 0xc9, 0xea,
  0xcc, 0xca, 0xfb, 0xce, 0xda, 0x0c, 0xce, 0xd3, 0xc1, 0x5f, 0xd3, 0x05,
  0x26, 0xd2, 0x08, 0x22, 0xef, 0x42, 0xfc, 0xc7, 0x04, 0x14, 0x0b, 0xf8,
  0xda, 0x40, 0xeb, 0xf0, 0x07, 0x0e, 0x4d, 0xf0, 0xd8, 0xe0, 0x18, 0xf5,
  0xf0, 0x0b, 0xf2, 0x09, 0x0f, 0x11, 0x1a, 0x1a, 0x05, 0xf9, 0xb6, 0x17,
  0xf6, 0xc1, 0xde, 0xf1, 0xdd, 0xf1, 0xde, 0xea, 0xfc, 0xdf, 0x07, 0x07,
  0x06, 0xe4, 0xfc, 0xf8, 0x23, 0xf7, 0x28, 0x04, 0x19, 0x02, 0xe0, 0x28,
  0x20, 0x1f, 0x0e, 0x14, 0x1b, 0xf7, 0x01, 0x0b, 0xe9, 0xbc, 0xd3, 0x0b,
  0xe3, 0x12, 0xdb, 0xe7, 0xfe, 0xfc, 0xf2, 0xf3, 0xe6, 0xfa, 0x01, 0xec,
  0xef, 0xd4, 0xf6, 0x1b, 0xe5, 0xf9, 0x0d, 0x03, 0x10, 0x0b, 0x0b, 0xf6,
  0xfb, 0xe4, 0xfe, 0x05, 0xcc, 0x02, 0xbc, 0x13, 0xe6, 0xd7, 0xf9, 0xd6,
  0x18, 0xe1, 0xfc, 0x13, 0xe3, 0xf0, 0xd4, 0x01, 0xe0, 0xe1, 0xe8, 0x15,
  0xe3, 0xff, 0x05, 0xf9, 0xe4, 0xe3, 0x03, 0xe2, 0xe5, 0xf5, 0x00, 0x07,
  0x36, 0x43, 0x00, 0x0b, 0x3c, 0x15, 0xc4, 0x27, 0x0d, 0xcd, 0x0e, 0xd7,
  0xb9, 0xf1, 0x38, 0xdb, 0x21, 0x35, 0x07, 0xf6, 0x11, 0x06, 0x0c, 0x19,
  0xf6, 0xd8, 0xf0, 0xd5, 0xe5, 0x2c, 0xfa, 0xa5, 0xef, 0x15, 0xd2, 0x07,
  0xe4, 0x3e, 0xe8, 0xca, 0xee, 0x2f, 0xdb, 0xf6, 0x04, 0x10, 0x3c, 0xf2,
  0xe9, 0xf3, 0x3a, 0xe7, 0x07, 0xeb, 0x21, 0xdc, 0xf7, 0x1a, 0xee, 0x00,
  0xd9, 0x04, 0xdf, 0x0e, 0x02, 0x0f, 0x02, 0xff, 0x16, 0x2c, 0xdc, 0x0b,
  0xf1, 0xf6, 0xfd, 0x1a, 0x19, 0x0c, 0x3e, 0x19, 0xf5, 0x25, 0x0b, 0xf6,
  0xf2, 0x08, 0xe3, 0xea, 0xf4, 0x0f, 0xf1, 0x2f, 0x21, 0xfd, 0x02, 0x46,
  0xf9, 0xfd, 0xfd, 0xc9, 0xff, 0x09, 0xf5, 0xfc, 0xea, 0xf3, 0xfd, 0x14,
  0xef, 0xfb, 0x0b, 0x07, 0x23, 0xda, 0x33, 0xf5, 0x1a, 0xde, 0x03, 0x0a,
  0xfc, 0xdf, 0xff, 0x1c, 0x0b, 0x0a, 0xea, 0x27, 0xe7, 0xec, 0xbe, 0xfc,
  0xc0, 0x38, 0xd3, 0xfb, 0x06, 0x3d, 0x14, 0x1e, 0x16, 0xee, 0x01, 0x0b,
  0x06, 0x09, 0x15, 0x13, 0x02, 0xca, 0xe8, 0x06, 0x07, 0xe0, 0x0c, 0x12,
  0x03, 0xcf, 0xc1, 0x24, 0xf4, 0xf0, 0xf5, 0x0c, 0xee, 0x0f, 0x06, 0x1a,
  0x0f, 0x98, 0x28, 0xee, 0xd3, 0xee, 0xc2, 0xb7, 0x20, 0xeb, 0xe8, 0x14,
  0xf6, 0xd6, 0x20, 0x05, 0xff, 0xfb, 0xf0, 0xfc, 0xdc, 0x01, 0x27, 0xe3,
  0x1a, 0x1f, 0x15, 0x32, 0x10, 0x11, 0x1e, 0x10, 0x3d, 0x5e, 0x28, 0xf2,
  0xab, 0x24, 0xf3, 0x29, 0xe9, 0xdd, 0x20, 0x10, 0x05, 0x1c, 0x3d, 0x00,
  0xf8, 0xe2, 0xfa, 0x14, 0x33, 0x13, 0x29, 0x56, 0xfb, 0x0e, 0xb8, 0x14,
  0xfb, 0xfc, 0xe3, 0xf2, 0x20, 0x56, 0x17, 0x3b, 0x27, 0x07, 0xb8, 0x22,
  0xf7, 0x02, 0x8e, 0xe7, 0xeb, 0x2f, 0x0c, 0xed, 0xc9, 0x81, 0xf4, 0x27,
  0xff, 0xbf, 0x48, 0xe1, 0x0f, 0xff, 0x31, 0x26, 0x17, 0xea, 0xf5, 0x2f,
  0x2f, 0x2b, 0x17, 0x24, 0xf2, 0xe4, 0xf6, 0x5c, 0xff, 0x09, 0x21, 0x05,
  0x11, 0xd9, 0x19, 0x01, 0xf7, 0x13, 0x11, 0xfc, 0xe3, 0xf6, 0x06, 0x16,
  0x00, 0xf0, 0xcd, 0x07, 0x0d, 0xf6, 0xea, 0x16, 0xe6, 0xf8, 0x0a, 0xe5,
  0x1a, 0x29, 0x2c, 0xb5, 0x06, 0x07, 0x15, 0x08, 0x04, 0xe6, 0xf1, 0x0d,
  0x18, 0x15, 0x04, 0x08, 0x2a, 0xfa, 0xe7, 0xe7, 0x19, 0x01, 0x24, 0xfd,
  0xf7, 0xe8, 0x28, 0x0d, 0xec, 0x03, 0xf9, 0xf3, 0xec, 0xe9, 0x25, 0xc7,
  0xfc, 0xf4, 0x46, 0x08, 0xfc, 0xe6, 0x1c, 0x10, 0xfe, 0x31, 0x09, 0xf2,
  0x1e, 0x0b, 0xd9, 0x14, 0xfa, 0xd3, 0x38, 0x1b, 0xf8, 0x01, 0x15, 0x30,
  0x14, 0x2f, 0x25, 0x0c, 0x31, 0xfc, 0x15, 0x10, 0x21, 0xfa, 0x22, 0x1b,
  0x2c, 0xe6, 0x0d, 0x27, 0x2b, 0x45, 0x33, 0x0b, 0x24, 0xf6, 0xe1, 0x05,
  0x10, 0x11, 0x04, 0x17, 0x18, 0xf7, 0xf7, 0x25, 0x26, 0x0c, 0x1a, 0x11,
  0x3e, 0xfe, 0xe1, 0x17, 0xf7, 0x09, 0x1a, 0xf6, 0x0f, 0xf6, 0x2c, 0xde,
  0xff, 0xf0, 0xf5, 0x07, 0xe1, 0xed, 0x16, 0x10, 0x0b, 0x13, 0x33, 0xfe,
  0x05, 0xfb, 0x10, 0x06, 0xf1, 0x1b, 0xf4, 0xe3, 0xea, 0x1d, 0x4c, 0xe6,
  0x17, 0x12, 0x2e, 0x16, 0x3b, 0xfe, 0xc9, 0x42, 0x2a, 0x1d, 0x33, 0xe8,
  0xfb, 0x25, 0xb8, 0xd2, 0x47, 0x11, 0x40, 0xeb, 0x4d, 0x1a, 0x12, 0x0d,
  0xf7, 0xb6, 0xe3, 0xee, 0xf5, 0x07, 0x20, 0xd8, 0x04, 0x27, 0x2d, 0xdd,
  0x08, 0x5b, 0xeb, 0xbd, 0xc8, 0xc3, 0xb0, 0xff, 0x02, 0x7c, 0x2e, 0x03,
  0xd7, 0x10, 0xf8, 0xe1, 0xe5, 0x39, 0xe1, 0xc4, 0xd0, 0x96, 0xd0, 0x17,
  0x2a, 0x34, 0xe6, 0x14, 0xc0, 0xca, 0xce, 0xba, 0xc1, 0x17, 0xbb, 0xae,
  0xa8, 0x7d, 0x95, 0x24, 0x53, 0xe5, 0xc7, 0x36, 0xe8, 0xe6, 0xe4, 0x12,
  0xe3, 0x05, 0xf2, 0x00, 0x17, 0xd2, 0x06, 0xe7, 0xf5, 0x03, 0xb8, 0xe1,
  0xf9, 0xec, 0xfe, 0x0d, 0xf7, 0xff, 0x30, 0x1d, 0x0a, 0x2d, 0xfa, 0x26,
  0x17, 0xd7, 0xe8, 0x33, 0xf6, 0xbd, 0xe3, 0x0a, 0xfd, 0xc5, 0x04, 0x08,
  0x03, 0xb4, 0x02, 0x0e, 0xfb, 0xd8, 0xab, 0xf8, 0x4e, 0x26, 0x1d, 0x2b,
  0x19, 0xee, 0xe1, 0x34, 0x35, 0xed, 0x1f, 0xe8, 0xd3, 0xdb, 0x32, 0xec,
  0x50, 0x34, 0x38, 0x23, 0x4f, 0x02, 0x16, 0xff, 0x2c, 0xab, 0xf2, 0xc6,
  0xaf, 0x25, 0x08, 0xa9, 0xf5, 0xcd, 0x09, 0xf9, 0xfb, 0x4f, 0x17, 0xf6,
  0xda, 0x1c, 0xde, 0xd8, 0xeb, 0x33, 0x68, 0xfe, 0xe0, 0x32, 0xf1, 0x01,
  0x0f, 0x07, 0xe0, 0xdd, 0x0d, 0xfb, 0x03, 0xfb, 0xe1, 0x04, 0x0d, 0x0a,
  0xf8, 0x1d, 0xe2, 0xf8, 0x01, 0x1f, 0xf9, 0xfa, 0xea, 0xf8, 0xf0, 0xe6,
  0xeb, 0x0e, 0xfa, 0xe5, 0x27, 0x3e, 0xed, 0xde, 0x1a, 0x12, 0xe4, 0xe0,
  0xe7, 0x14, 0xe5, 0x25, 0x2a, 0xef, 0x1f, 0x1c, 0xc7, 0xfd, 0xef, 0xd6,
  0xe7, 0xff, 0xea, 0xaf, 0xe2, 0x33, 0xb6, 0x08, 0xea, 0x2d, 0xf0, 0x09,
  0xf9, 0xcc, 0x01, 0x0d, 0x0e, 0x29, 0xe8, 0xf7, 0x0c, 0x42, 0x21, 0xf9,
  0xeb, 0xf7, 0x58, 0x02, 0xee, 0xeb, 0x0d, 0xdc, 0x05, 0xf9, 0xd9, 0xc5,
  0x49, 0x00, 0x08, 0x08, 0xf6, 0x0b, 0xca, 0x0b, 0xe6, 0xfc, 0xe2, 0xe4,
  0xfc, 0xfb, 0xf6, 0xfc, 0xe4, 0x09, 0xd8, 0x1e, 0x0c, 0x04, 0x44, 0x11,
  0xdc, 0x0e, 0xe2, 0xe0, 0xef, 0xfc, 0xfa, 0xec, 0xf0, 0x03, 0x00, 0x18,
  0x10, 0x01, 0xee, 0x03, 0x12, 0xf8, 0x01, 0xe2, 0xff, 0x0e, 0xf1, 0x13,
  0xff, 0x0e, 0x05, 0x14, 0x1d, 0xdc, 0x0b, 0x14, 0x22, 0x17, 0x15, 0xf8,
  0x13, 0xdb, 0xd9, 0xff, 0x07, 0xd6, 0x00, 0xec, 0xde, 0x09, 0x81, 0x10,
  0xeb, 0xd6, 0xfc, 0xf5, 0xe6, 0x16, 0x14, 0xfc, 0xdd, 0x26, 0x06, 0xe9,
  0xf8, 0x14, 0x46, 0xd0, 0x00, 0x1d, 0x35, 0x29, 0x13, 0x01, 0xb5, 0xec,
  0x56, 0x00, 0xfd, 0x06, 0xf3, 0x06, 0xfc, 0x2f, 0xce, 0xe7, 0xd0, 0xee,
  0xd1, 0x07, 0x0c, 0xd9, 0xd3, 0xc6, 0xf5, 0x13, 0x1c, 0xf1, 0xd2, 0x08,
  0x18, 0xf5, 0xd1, 0xf9, 0xf3, 0xe5, 0xd6, 0xf8, 0xd9, 0x0d, 0xf4, 0x16,
  0x14, 0xec, 0x29, 0x27, 0x19, 0x07, 0x1d, 0x10, 0x25, 0xf6, 0xf1, 0x1b,
  0x0f, 0x03, 0x32, 0x12, 0x01, 0x06, 0x1e, 0x01, 0x00, 0xfc, 0x1a, 0x04,
  0x0f, 0xfe, 0xfd, 0x1d, 0xde, 0x0b, 0x04, 0xfd, 0xfc, 0x16, 0xeb, 0xf7,
  0xeb, 0x1a, 0xfc, 0x0f, 0xf7, 0x09, 0xf7, 0x02, 0x32, 0x44, 0x2b, 0x16,
  0x11, 0xfb, 0xcc, 0x22, 0xeb, 0xff, 0xce, 0xe3, 0xd9, 0xeb, 0x1c, 0xf2,
  0xe1, 0xbf, 0x0e, 0x0f, 0xf5, 0xee, 0x06, 0xe7, 0x1c, 0xdf, 0x24, 0x12,
  0x27, 0xe8, 0xf9, 0x21, 0x10, 0x0b, 0x08, 0x0d, 0xff, 0xf5, 0xd6, 0x1d,
  0xff, 0x1f, 0xfe, 0x08, 0x08, 0xff, 0xf1, 0x0c, 0xfc, 0x14, 0x11, 0x05,
  0x0b, 0x04, 0xde, 0x02, 0xf4, 0xe9, 0xfc, 0xeb, 0xdd, 0xfc, 0xe9, 0xfd,
  0xf4, 0xec, 0xff, 0xf7, 0xe9, 0xfa, 0x25, 0xdb, 0xf7, 0xd5, 0xeb, 0x06,
  0xf7, 0xf9, 0x00, 0x06, 0xf7, 0xeb, 0x00, 0xe5, 0xe7, 0xe3, 0xdd, 0xd6,
  0x10, 0xf6, 0xee, 0x06, 0xf5, 0xed, 0xe4, 0xff, 0x03, 0xe0, 0xdd, 0xe7,
  0xf8, 0xf4, 0xf4, 0xd1, 0x16, 0x0c, 0x17, 0xf6, 0x08, 0x02, 0xf1, 0x13,
  0xf4, 0x05, 0xf3, 0x03, 0x14, 0xf0, 0x2d, 0x10, 0x11, 0x16, 0x09, 0xf7,
  0x14, 0xff, 0xe1, 0xef, 0xf0, 0x13, 0xcc, 0x04, 0xf8, 0x09, 0x06, 0x00,
  0xea, 0x15, 0x04, 0xf7, 0x13, 0x18, 0x12, 0x2d, 0xe1, 0x26, 0x31, 0xf9,
  0x05, 0xff, 0x28, 0xf6, 0xfa, 0xe5, 0x2a, 0x08, 0xf9, 0xf4, 0x0b, 0x0a,
  0x07, 0x03, 0xff, 0xf3, 0x07, 0x08, 0xe6, 0xfd, 0x06, 0x1b, 0xe1, 0xfb,
  0xe8, 0x0d, 0x01, 0x00, 0xf1, 0xfd, 0xfa, 0xf0, 0x08, 0x08, 0x31, 0xd8,
  0x03, 0x09, 0x0b, 0xf0, 0xfe, 0x0c, 0xfb, 0xf0, 0xf3, 0x38, 0xf5, 0xff,
  0x19, 0xf5, 0x16, 0x11, 0x09, 0xdd, 0x0f, 0xf5, 0x0d, 0xe6, 0xfc, 0x21,
  0xfe, 0xdf, 0x32, 0xfd, 0x03, 0xef, 0x08, 0xf8, 0x10, 0xea, 0x33, 0xe7,
  0x10, 0x0e, 0x1d, 0x08, 0xf1, 0x20, 0xf3, 0xf9, 0xec, 0x08, 0x0e, 0x09,
  0x30, 0x45, 0x19, 0xef, 0x21, 0x5c, 0xea, 0x01, 0xce, 0xde, 0x01, 0xeb,
  0xda, 0x31, 0x07, 0xcf, 0xdf, 0xf6, 0x02, 0xed, 0xed, 0xfc, 0xd8, 0xe4,
  0x01, 0xed, 0xda, 0x18, 0x34, 0x04, 0xc9, 0x0f, 0xc6, 0xd9, 0xc9, 0xb7,
  0xb9, 0x0c, 0xe0, 0xb4, 0x9f, 0x68, 0xb4, 0x42, 0x35, 0xd4, 0xe6, 0x67,
  0xe2, 0xff, 0xe5, 0x17, 0xe2, 0xfc, 0xe1, 0x08, 0x14, 0xda, 0x16, 0xe4,
  0xfb, 0x03, 0xb9, 0xfb, 0xff, 0x0a, 0x02, 0x1d, 0x16, 0xf2, 0x35, 0x16,
  0x14, 0xe7, 0x16, 0x13, 0xe0, 0xe2, 0xe5, 0x09, 0xed, 0xed, 0xc8, 0x0b,
  0xe3, 0xea, 0x14, 0xf0, 0xfa, 0xa9, 0xea, 0x11, 0xfb, 0xdf, 0xc0, 0x10,
  0x29, 0x1a, 0xd8, 0x21, 0xec, 0xf7, 0xf5, 0x03, 0x08, 0xee, 0x0e, 0x05,
  0xe1, 0xce, 0x10, 0x07, 0x36, 0x2b, 0x2b, 0x1b, 0x28, 0xf6, 0x21, 0x14,
  0x21, 0x8d, 0x0f, 0xd7, 0xbc, 0x10, 0x05, 0xa4, 0x03, 0xe6, 0x32, 0x23,
  0xec, 0x15, 0x20, 0x0e, 0xfe, 0xf8, 0xed, 0xe2, 0xf1, 0x38, 0x08, 0xf5,
  0x11, 0x47, 0x05, 0xfd, 0x10, 0x18, 0xe4, 0x0a, 0xf6, 0x16, 0x01, 0x0d,
  0xe8, 0xfd, 0x59, 0x09, 0x08, 0x20, 0x15, 0x06, 0x13, 0x17, 0x15, 0x14,
  0x15, 0xdb, 0x0c, 0xe2, 0x04, 0x20, 0xfd, 0xd7, 0x0c, 0x3d, 0xef, 0xef,
  0xfe, 0x16, 0x1b, 0xeb, 0xf0, 0x35, 0xef, 0x21, 0x3b, 0x04, 0x2c, 0x1f,
  0xba, 0xf1, 0xea, 0xce, 0xc7, 0x14, 0xf7, 0xa6, 0xe8, 0x49, 0xf4, 0x0c,
  0x0d, 0x1e, 0xe6, 0x05, 0x0c, 0xc8, 0x01, 0x1a, 0x04, 0x0c, 0x07, 0x05,
  0x25, 0x3a, 0x19, 0x0e, 0x07, 0xe5, 0x22, 0x0f, 0xe8, 0xfe, 0xf9, 0xed,
  0x01, 0xeb, 0xda, 0xcf, 0x2b, 0x0f, 0xf4, 0x15, 0xf4, 0x07, 0x04, 0x1b,
  0x02, 0x16, 0x3a, 0x1a, 0x0d, 0xee, 0x0d, 0xef, 0xd6, 0x02, 0xf0, 0x14,
  0x0d, 0xf8, 0x42, 0x1e, 0xf5, 0x02, 0xe2, 0xe0, 0xf7, 0x0b, 0xe7, 0xf7,
  0xf3, 0x0f, 0xf0, 0xfa, 0xf9, 0x02, 0x23, 0xfc, 0xfc, 0xf4, 0xff, 0xf8,
  0xe7, 0xfd, 0xc9, 0xf8, 0xfc, 0x07, 0xeb, 0x07, 0x15, 0x05, 0x30, 0xf5,
  0xf6, 0xe8, 0x0d, 0xfc, 0x05, 0xe9, 0x14, 0xf5, 0xff, 0x1f, 0xe9, 0xf0,
  0x01, 0xff, 0xf2, 0x0f, 0xf2, 0xcc, 0xe4, 0xf6, 0xeb, 0xf1, 0x17, 0xfb,
  0xe1, 0x1b, 0xf9, 0xe1, 0x00, 0x01, 0x50, 0xe3, 0x07, 0x1e, 0x33, 0x26,
  0x18, 0xf9, 0xb6, 0x11, 0x4e, 0xf7, 0x30, 0xf2, 0xdb, 0x11, 0x0b, 0x06,
  0xc9, 0xe6, 0xe6, 0x11, 0xe7, 0xfa, 0xf9, 0xeb, 0xdb, 0xb1, 0xf4, 0xfc,
  0x09, 0xee, 0xc9, 0xf5, 0x04, 0xe7, 0xd1, 0xdd, 0xdf, 0xe4, 0xd8, 0xe0,
  0xd1, 0x07, 0xd3, 0x07, 0x0c, 0xe8, 0x0e, 0x0d, 0x0b, 0xf7, 0x05, 0x08,
  0x07, 0xeb, 0x0e, 0x0e, 0xf6, 0xe4, 0x1a, 0xfb, 0xed, 0xfb, 0x0b, 0xf0,
  0x0d, 0xe8, 0x35, 0x0b, 0x21, 0x00, 0x0d, 0x1b, 0xdf, 0xf3, 0x07, 0xee,
  0xf1, 0x1c, 0xf0, 0xfc, 0x05, 0x0f, 0x10, 0xf9, 0x0f, 0x14, 0xf6, 0x11,
  0x3f, 0x24, 0x1d, 0x16, 0x09, 0x07, 0xd7, 0x1b, 0xdd, 0x15, 0xe0, 0xf8,
  0xd9, 0xfd, 0x26, 0xdd, 0x0e, 0xd3, 0x1a, 0xf8, 0x05, 0x06, 0x18, 0xeb,
  0x0f, 0xe0, 0x21, 0x0a, 0x1f, 0xf3, 0x02, 0x2b, 0x0f, 0x10, 0x0d, 0x0e,
  0x0c, 0xe1, 0xfd, 0x18, 0x22, 0x39, 0xfd, 0xfe, 0x1c, 0xf1, 0xfd, 0x00,
  0xfb, 0xfe, 0xf5, 0x07, 0xeb, 0x1b, 0x21, 0xe5, 0xdf, 0xe5, 0xfc, 0xfa,
  0xee, 0x17, 0xf8, 0xf2, 0x03, 0xf1, 0x07, 0xe0, 0x08, 0x2f, 0xe3, 0xe6,
  0xfb, 0xd3, 0x0c, 0xf6, 0xe9, 0xed, 0xfb, 0xf2, 0xe7, 0x04, 0xe2, 0xe4,
  0x14, 0xea, 0xfc, 0xe8, 0x02, 0xfb, 0x1c, 0xf8, 0x0c, 0xed, 0xe6, 0x10,
  0xf4, 0xcf, 0x03, 0xeb, 0xde, 0xf5, 0x1d, 0xda, 0x11, 0x15, 0x15, 0xff,
  0x17, 0xfa, 0x16, 0xfe, 0x0a, 0xf9, 0xf7, 0xec, 0xf9, 0x06, 0xee, 0xf2,
  0x16, 0x04, 0xe9, 0xea, 0xf9, 0x0e, 0xed, 0xf1, 0xc9, 0x27, 0xca, 0x03,
  0x08, 0x04, 0x13, 0xf8, 0xe8, 0x1c, 0xf0, 0xea, 0xdb, 0x13, 0x0d, 0xef,
  0xee, 0x03, 0x16, 0x0a, 0x0b, 0xf4, 0xe8, 0x0d, 0xe8, 0xba, 0x0a, 0x00,
  0xe6, 0xe4, 0x23, 0x0f, 0x19, 0x00, 0xfb, 0x04, 0x10, 0xf4, 0xeb, 0x01,
  0x17, 0xf4, 0xf5, 0xf2, 0x05, 0xd9, 0x12, 0x07, 0x04, 0x04, 0xff, 0x0d,
  0x23, 0xee, 0xf1, 0xea, 0xf3, 0x0b, 0x0f, 0x05, 0xe1, 0xe4, 0xfb, 0xfc,
  0xf3, 0x03, 0x0c, 0x02, 0x02, 0xe8, 0x17, 0xed, 0x18, 0xf5, 0x33, 0x14,
  0x1c, 0xf4, 0x07, 0x43, 0x17, 0x1a, 0x48, 0xfc, 0xf9, 0xe6, 0xf2, 0xf2,
  0x2c, 0x04, 0xef, 0xf0, 0x25, 0x1d, 0x0a, 0x20, 0xee, 0xff, 0x14, 0xe7,
  0xd8, 0x06, 0x13, 0xdd, 0x43, 0x54, 0x4c, 0xf4, 0x4a, 0x62, 0xf6, 0x07,
  0xec, 0xe4, 0xf0, 0xd4, 0xd8, 0x57, 0x1f, 0xe0, 0xe8, 0xf8, 0xf5, 0xd7,
  0xe9, 0x23, 0xdc, 0xd5, 0xfa, 0xf3, 0xc9, 0x1f, 0x38, 0x1b, 0xea, 0x27,
  0xc0, 0xe2, 0xc4, 0xc2, 0xc5, 0x08, 0xe7, 0xbf, 0xc3, 0x7f, 0xb5, 0x3e,
  0x4c, 0xd6, 0x19, 0x64, 0xa8, 0x51, 0xe0, 0xe5, 0x38, 0xcd, 0x4d, 0x2b,
  0x1b, 0xb8, 0x5e, 0x02, 0xce, 0xf8, 0xdd, 0xe7, 0xa1, 0xd6, 0xed, 0x08,
  0x20, 0x91, 0xd7, 0x95, 0x09, 0xf2, 0x4c, 0x3b, 0x22, 0x8e, 0xb1, 0xa7,
  0xb4, 0x3c, 0x1b, 0xd4, 0xc7, 0xd6, 0x0e, 0xdf, 0x1c, 0x00, 0xbf, 0x18,
  0xe3, 0x28, 0xb0, 0xa8, 0x6f, 0x0e, 0xc7, 0x9c, 0x2e, 0x44, 0xa7, 0xfc,
  0x33, 0xff, 0xce, 0x11, 0x37, 0x8c, 0xf7, 0xdf, 0xd2, 0xa7, 0xda, 0x65,
  0xf9, 0xb6, 0xfa, 0x8d, 0xf0, 0x26, 0x4d, 0x93, 0x14, 0xd7, 0xb4, 0x26,
  0x12, 0xd8, 0x8b, 0xac, 0xc5, 0xa1, 0x8f, 0x47, 0xd7, 0x48, 0xfb, 0x91,
  0xf0, 0x51, 0xfd, 0x23, 0xd7, 0x99, 0xcc, 0xb0, 0x63, 0xe4, 0x1c, 0x3c,
  0x4b, 0x51, 0xa7, 0x14, 0x16, 0xce, 0x45, 0xcb, 0xda, 0x12, 0x8e, 0xcc,
  0x19, 0x3b, 0x27, 0xbe, 0xf5, 0x09, 0xc2, 0xf3, 0xe2, 0xbe, 0x1a, 0xe8,
  0x3e, 0x29, 0x13, 0x9b, 0x41, 0xd4, 0x8d, 0xdc, 0x0c, 0x2b, 0x41, 0x30,
  0x96, 0x4f, 0x3b, 0x51, 0xec, 0x8c, 0xa1, 0xa1, 0xda, 0x5c, 0x1c, 0xb7,
  0x9c, 0x1d, 0xb9, 0x27, 0x98, 0xbc, 0xba, 0x08, 0xc0, 0xe6, 0xbc, 0xbd,
  0x9b, 0x52, 0xfb, 0x1a, 0x8c, 0xb8, 0x16, 0x9f, 0xa6, 0x07, 0xfc, 0x37,
  0x4f, 0xf3, 0xa5, 0xfd, 0x47, 0x4e, 0xb8, 0x03, 0xbd, 0x34, 0x9b, 0x05,
  0xe2, 0x2c, 0x84, 0xc7, 0x46, 0x61, 0x3e, 0x97, 0xf8, 0xb7, 0xba, 0xcd,
  0xbb, 0xec, 0x34, 0x9f, 0xaf, 0x0c, 0xf3, 0x93, 0x35, 0xb9, 0xd2, 0xa6,
  0x22, 0xa7, 0x55, 0x27, 0x0e, 0x18, 0x0c, 0xb7, 0x1e, 0xaa, 0xa4, 0xbd,
  0x4a, 0xf4, 0x4b, 0xb4, 0xd5, 0x8e, 0xbf, 0xd8, 0xc3, 0xb0, 0x37, 0x0a,
  0x1a, 0x4f, 0x51, 0xfa, 0xbf, 0xf0, 0xbe, 0xa3, 0x1f, 0xe0, 0x4a, 0xfa,
  0xfb, 0x45, 0xf5, 0xeb, 0x3e, 0x22, 0x97, 0xd2, 0x0b, 0xbc, 0x3d, 0x08,
  0x9f, 0xad, 0x03, 0x36, 0x4f, 0x06, 0x25, 0xb1, 0x07, 0xae, 0x11, 0xb6,
  0xe3, 0xc2, 0xdd, 0xf4, 0xf4, 0x23, 0x24, 0xbf, 0xd2, 0x0b, 0x44, 0x15,
  0x02, 0xb5, 0xb6, 0x56, 0xf9, 0xd4, 0xa4, 0x07, 0x40, 0xf9, 0xba, 0x92,
  0x0b, 0x94, 0xe3, 0x36, 0x13, 0xd9, 0x1e, 0x8d, 0x3f, 0xd2, 0x46, 0x4d,
  0xd5, 0x40, 0x14, 0x26, 0xf2, 0xe7, 0xa2, 0x8a, 0xd6, 0x14, 0xfd, 0xf3,
  0xde, 0xd0, 0xad, 0xc3, 0x48, 0x91, 0x06, 0xac, 0x33, 0xce, 0xa8, 0x4f,
  0xbb, 0x18, 0xfe, 0x16, 0x54, 0x0a, 0xb5, 0xca, 0x14, 0x99, 0x40, 0x17,
  0x1d, 0x51, 0x2d, 0x28, 0x90, 0xfe, 0xc9, 0xd5, 0xf1, 0xf7, 0x2a, 0x11,
  0x23, 0xdd, 0x8b, 0xd2, 0xeb, 0x94, 0xaf, 0xe8, 0x8c, 0x34, 0x36, 0x1c,
  0x3b, 0xce, 0xe7, 0x4b, 0x56, 0x0c, 0xcb, 0x35, 0x29, 0xd9, 0x97, 0x8d,
  0xf9, 0x56, 0xe2, 0xf0, 0x09, 0x3e, 0xef, 0x11, 0xd8, 0x47, 0xed, 0xed,
  0xeb, 0xbe, 0x9a, 0xc6, 0xc4, 0x06, 0xff, 0xb3, 0x90, 0x3a, 0x55, 0xe8,
  0xd8, 0xe9, 0xab, 0xc2, 0xdf, 0xa6, 0xc3, 0x12, 0x11, 0x19, 0xdc, 0xb6,
  0xc3, 0xe0, 0x9e, 0x31, 0x31, 0x49, 0x02, 0xa6, 0xce, 0x18, 0x0b, 0xc6,
  0x0a, 0x2b, 0xa2, 0xc4, 0xab, 0xdd, 0xcb, 0xab, 0xc3, 0xd5, 0x33, 0x37,
  0xbc, 0xa9, 0xb9, 0xcf, 0x3e, 0x05, 0xcd, 0x8b, 0x0c, 0x8c, 0x19, 0xca,
  0xb9, 0xe1, 0x2d, 0xb4, 0x65, 0x20, 0xc9, 0xc6, 0xe3, 0xf8, 0x47, 0x2f,
  0xbb, 0xa5, 0xdb, 0xe9, 0x41, 0xcc, 0xbc, 0x13, 0xba, 0xfd, 0x57, 0x49,
  0xef, 0x51, 0x6a, 0x50, 0xa1, 0xec, 0xf0, 0xa0, 0x9b, 0xc6, 0x19, 0x43,
  0x94, 0xba, 0xe2, 0x48, 0x37, 0x38, 0xb7, 0xc4, 0x1c, 0xdd, 0xcd, 0xae,
  0xc0, 0xcc, 0xaa, 0xa0, 0xc8, 0xe6, 0xd3, 0xa3, 0x04, 0x33, 0xfc, 0x17,
  0xa6, 0x0e, 0xe1, 0xaf, 0x0b, 0x99, 0x31, 0x9d, 0x08, 0xfa, 0x26, 0xd2,
  0x21, 0xc9, 0x01, 0x34, 0xba, 0xbd, 0x41, 0x32, 0xff, 0xe3, 0xa0, 0xff,
  0x0d, 0xc3, 0xa9, 0x52, 0xba, 0xc0, 0x46, 0x31, 0xbe, 0xdb, 0xdc, 0x31,
  0xb2, 0xd1, 0x98, 0xcf, 0x40, 0xaf, 0xc3, 0xf2, 0xa6, 0xb9, 0xfd, 0xc7,
  0x32, 0x00, 0x18, 0x11, 0xd9, 0xb0, 0x14, 0xb9, 0x4f, 0xb6, 0x23, 0xc5,
  0x3f, 0x9a, 0xf3, 0xd5, 0x50, 0x55, 0x3c, 0xfc, 0x36, 0xa6, 0xea, 0x48,
  0x50, 0x08, 0x35, 0x09, 0x3c, 0xe7, 0xcf, 0x79, 0x24, 0x41, 0x3e, 0x17,
  0xc2, 0x90, 0x0b, 0xa7, 0xbd, 0x96, 0xaf, 0x4d, 0xc9, 0x2b, 0x00, 0x51,
  0xc7, 0xad, 0x1f, 0x52, 0x4e, 0xdd, 0x50, 0xe5, 0x3c, 0x30, 0x6e, 0xe6,
  0x01, 0x01, 0x81, 0x72, 0x4e, 0xf7, 0x35, 0xc8, 0x07, 0x9e, 0x76, 0xbf,
  0x45, 0x34, 0xe6, 0x90, 0x94, 0xec, 0xa9, 0x3a, 0x00, 0xfa, 0x0d, 0x12,
  0x0b, 0x0a, 0xf8, 0xef, 0x02, 0x14, 0x08, 0x05, 0x0a, 0x04, 0x03, 0x1c,
  0xf5, 0x12, 0xe1, 0x02, 0xe6, 0x08, 0xf9, 0xe4, 0xf9, 0x01, 0xee, 0xed,
  0x02, 0x0d, 0x0c, 0xfe, 0xfe, 0x29, 0x07, 0x06, 0xf5, 0x1a, 0x10, 0xea,
  0xe9, 0x10, 0x00, 0x08, 0x0d, 0xf9, 0x40, 0x0b, 0x01, 0xff, 0xf2, 0xfb,
  0x0f, 0xfd, 0x00, 0x09, 0x03, 0x14, 0x04, 0x04, 0x14, 0x28, 0xec, 0x0a,
  0x06, 0xf5, 0x2a, 0x08, 0x18, 0x09, 0x0e, 0x18, 0x0b, 0x3e, 0x13, 0x7f,
  0x5b, 0xf7, 0xea, 0x6b, 0x06, 0x12, 0xee, 0xe5, 0x03, 0xea, 0xfa, 0xea,
  0xe0, 0xfd, 0xf5, 0x26, 0x04, 0xeb, 0xf0, 0x0b, 0x0e, 0xf3, 0x24, 0xfd,
  0x04, 0x08, 0xfe, 0x0b, 0x08, 0xf8, 0x18, 0x0b, 0x04, 0x00, 0xcf, 0x14,
  0x05, 0xfd, 0x06, 0xfd, 0x06, 0x21, 0xf8, 0xf3, 0x05, 0xff, 0x0b, 0xf6,
  0xfa, 0xf0, 0x05, 0xe8, 0xf0, 0xe3, 0x13, 0xee, 0xec, 0xf4, 0xf3, 0xe6,
  0xf3, 0xed, 0xe8, 0xe1, 0xe8, 0x18, 0xe5, 0xf0, 0xda, 0xe5, 0xec, 0xf2,
  0xdf, 0x0f, 0x11, 0xde, 0xe6, 0x16, 0xe2, 0x14, 0x10, 0xfa, 0x28, 0x06,
  0xf7, 0x09, 0xf1, 0x05, 0x03, 0xe4, 0xee, 0x0e, 0xfb, 0xfb, 0x00, 0x15,
  0x00, 0xf7, 0xe4, 0xfd, 0x39, 0x15, 0xe7, 0x22, 0x14, 0x1d, 0xf5, 0x2f,
  0x08, 0xf7, 0x29, 0x0a, 0x25, 0xf4, 0x26, 0xfb, 0x09, 0x11, 0xff, 0xf9,
  0x04, 0xec, 0x0d, 0x08, 0x00, 0x16, 0xf4, 0xf5, 0x0a, 0xf7, 0xee, 0xf3,
  0x02, 0x01, 0x3a, 0xfc, 0x09, 0x07, 0x4e, 0xfb, 0xf4, 0x00, 0x24, 0xf1,
  0xee, 0xf6, 0x1a, 0xf2, 0xf0, 0x00, 0x08, 0x24, 0xf7, 0xfb, 0x03, 0x02,
  0x20, 0xfc, 0x0d, 0xfa, 0xfc, 0x0e, 0xcf, 0xf1, 0x05, 0x1a, 0xe4, 0x04,
  0x04, 0x15, 0x01, 0xfb, 0xf6, 0x0e, 0xf7, 0xf6, 0x05, 0xf0, 0x42, 0xf1,
  0x0b, 0x26, 0x15, 0x06, 0x0c, 0xe9, 0xd8, 0x0d, 0x15, 0xdc, 0x02, 0x07,
  0x0a, 0x17, 0xe2, 0xde, 0xfa, 0x1d, 0xf4, 0xdf, 0xf2, 0x23, 0x0e, 0xf2,
  0xe3, 0x0d, 0xdb, 0xe8, 0x00, 0x08, 0x43, 0xf1, 0xef, 0xfc, 0xf5, 0xe1,
  0xf8, 0xfe, 0x00, 0xed, 0xf6, 0x23, 0xd8, 0x09, 0x03, 0x12, 0x03, 0x0d,
  0xd9, 0xec, 0x10, 0xf3, 0xf9, 0x0a, 0xfc, 0xfa, 0xf1, 0x22, 0x11, 0xf9,
  0x11, 0xf9, 0xfe, 0x0a, 0xf7, 0xeb, 0x04, 0xf9, 0xf8, 0xd3, 0xcf, 0x07,
  0xf2, 0xea, 0xfb, 0xff, 0x0d, 0x0b, 0xea, 0xe4, 0xe8, 0xf4, 0xfc, 0x0e,
  0xe3, 0xec, 0xea, 0xf2, 0x12, 0x15, 0x18, 0xfa, 0xf2, 0xf4, 0xc9, 0xea,
  0xf5, 0xe0, 0x0a, 0xef, 0x04, 0xf6, 0x05, 0x11, 0xe5, 0xfc, 0x16, 0xd4,
  0x06, 0xf0, 0x39, 0xfa, 0x11, 0xf0, 0x22, 0x30, 0x1f, 0xd7, 0xca, 0x40,
  0x5b, 0x1a, 0x5b, 0xfa, 0x0d, 0x0a, 0xbe, 0x02, 0xf0, 0xf5, 0xd6, 0xfa,
  0xde, 0xfb, 0x0e, 0xc2, 0xe4, 0x01, 0xd7, 0xf0, 0xfe, 0x0e, 0x05, 0xf4,
  0xe8, 0xed, 0x09, 0xfd, 0xff, 0x0d, 0x0f, 0xfe, 0xfa, 0x05, 0x00, 0x02,
  0xf7, 0xf6, 0x23, 0xfe, 0xfd, 0x08, 0x0e, 0x0d, 0x1a, 0xe3, 0xf7, 0xf3,
  0x14, 0xf5, 0xfd, 0xfb, 0xcb, 0xe5, 0xf2, 0x0e, 0xe0, 0x01, 0xf3, 0xf1,
  0xee, 0x18, 0x08, 0xe4, 0xe7, 0xd5, 0xfd, 0xf2, 0xc8, 0xfc, 0x01, 0x04,
  0xfe, 0xe1, 0xfa, 0x07, 0xfd, 0xf0, 0xf9, 0xfa, 0x01, 0xee, 0xfc, 0xf6,
  0x1f, 0xfc, 0xfd, 0x08, 0xfc, 0xf7, 0xda, 0x0e, 0xfd, 0xf2, 0xf1, 0xff,
  0x1a, 0xf1, 0x0e, 0xf9, 0xf5, 0xfa, 0xf2, 0xf4, 0x13, 0x07, 0x3e, 0xfd,
  0xff, 0xf4, 0x2c, 0x06, 0xfd, 0xf0, 0xf0, 0xfb, 0xd6, 0xff, 0xf4, 0xf0,
  0x0e, 0x05, 0xf6, 0x09, 0x13, 0x06, 0xff, 0x15, 0x0b, 0xfb, 0xf8, 0xf5,
  0x02, 0x08, 0x15, 0xf8, 0x16, 0x0e, 0x27, 0x0a, 0x13, 0x13, 0x0d, 0x16,
  0x05, 0x0c, 0x0a, 0xff, 0xe9, 0x0c, 0x05, 0xfa, 0xfe, 0xff, 0x0d, 0x03,
  0xfb, 0x21, 0xf4, 0xff, 0xfe, 0xf2, 0xfa, 0x06, 0x23, 0x20, 0xf9, 0x0f,
  0x12, 0xe5, 0xdd, 0x14, 0xf6, 0xf8, 0xfd, 0xff, 0x0e, 0x08, 0xf9, 0x0b,
  0x32, 0xeb, 0xdd, 0xfd, 0xf9, 0x18, 0xf7, 0xfd, 0xe2, 0xf8, 0x17, 0xc3,
  0xdf, 0xd9, 0xbf, 0x0c, 0xf3, 0xf7, 0x27, 0x00, 0xdd, 0x01, 0xe8, 0x09,
  0xd7, 0xe9, 0xf8, 0xfc, 0x10, 0x0c, 0x1b, 0xfb, 0xf4, 0x00, 0x2a, 0x06,
  0x14, 0xf9, 0x25, 0x20, 0xfc, 0xc6, 0x1e, 0x26, 0x26, 0x0e, 0x38, 0x0e,
  0x0d, 0xd6, 0xfe, 0x07, 0x03, 0xfa, 0xd9, 0x09, 0x09, 0x13, 0x39, 0x0b,
  0xf0, 0x14, 0xf3, 0xed, 0xeb, 0xcb, 0x20, 0xf0, 0x0a, 0x14, 0x10, 0x25,
  0x1f, 0x07, 0x05, 0x3c, 0x2c, 0xf1, 0x43, 0xdd, 0xcf, 0x16, 0x01, 0xcd,
  0xfb, 0x08, 0xf0, 0x08, 0xfb, 0x16, 0x15, 0x02, 0xf2, 0xdf, 0xf7, 0xca,
  0xcc, 0xfd, 0xe8, 0xbc, 0x04, 0xfa, 0xff, 0x18, 0x04, 0xff, 0x14, 0x15,
  0x15, 0xcf, 0x0c, 0x2a, 0xf9, 0xf0, 0xc0, 0x20, 0xe7, 0xde, 0xb6, 0x04,
  0xed, 0xd7, 0x13, 0xf6, 0xec, 0xe5, 0xef, 0x27, 0x04, 0xca, 0xc7, 0x11,
  0x18, 0x16, 0xf8, 0x10, 0x01, 0xdd, 0xef, 0xfe, 0x09, 0xce, 0x0d, 0x14,
  0xf7, 0xd1, 0xfb, 0x0c, 0x4d, 0x33, 0x2b, 0x0b, 0x1a, 0xef, 0x20, 0x15,
  0x06, 0x8f, 0x1b, 0xaa, 0x9f, 0x07, 0x08, 0x99, 0xb7, 0x81, 0x0b, 0x0f,
  0xab, 0x11, 0xfd, 0xde, 0xe5, 0xfe, 0xe9, 0xd3, 0xde, 0x40, 0xf1, 0xd3,
  0xed, 0x23, 0xf4, 0xf3, 0x0f, 0xf4, 0xe7, 0xed, 0xf3, 0x1c, 0xf8, 0xe3,
  0xe5, 0xd7, 0x64, 0x1b, 0x03, 0x17, 0x08, 0x11, 0x0e, 0xf9, 0x08, 0x07,
  0x0d, 0x86, 0x10, 0xc1, 0xb1, 0x21, 0x0b, 0x8f, 0x0c, 0x44, 0xfa, 0xfd,
  0x09, 0x19, 0x23, 0xf4, 0x0f, 0x23, 0xe7, 0x09, 0x28, 0x18, 0x15, 0x00,
  0xd3, 0x05, 0xcc, 0xb1, 0xd7, 0x20, 0x35, 0x98, 0xa1, 0x62, 0xd2, 0x07,
  0xfc, 0x28, 0x07, 0xfc, 0x0b, 0xcc, 0x0a, 0x15, 0x15, 0x0b, 0xef, 0x03,
  0x1c, 0x31, 0x23, 0x0f, 0xfe, 0x07, 0x17, 0xfe, 0x01, 0x1a, 0x1a, 0xf1,
  0x17, 0x16, 0xb8, 0xf2, 0x34, 0x1a, 0x17, 0x2d, 0x04, 0x0a, 0xf9, 0x2a,
  0xff, 0x2b, 0x3a, 0xf2, 0xf6, 0x0a, 0xe5, 0xd3, 0xdd, 0xf2, 0xdc, 0x2e,
  0xf4, 0xf5, 0x6e, 0x3c, 0xf3, 0xef, 0xf8, 0xe4, 0x09, 0xed, 0xf1, 0x15,
  0xdb, 0x18, 0xf3, 0x05, 0x0a, 0x18, 0x08, 0xda, 0xd2, 0xb5, 0xcf, 0xe1,
  0xc1, 0x0d, 0xb2, 0xe5, 0x01, 0xfb, 0xeb, 0x15, 0x10, 0x09, 0x2f, 0x08,
  0xf9, 0xd2, 0xfc, 0xf3, 0xfa, 0xf1, 0xf5, 0xe2, 0xf8, 0x13, 0xd9, 0x06,
  0x05, 0xef, 0xf0, 0x1f, 0xe0, 0xb5, 0xe1, 0xf5, 0xd1, 0xef, 0x0f, 0xe0,
  0xc2, 0xea, 0xf5, 0xec, 0x00, 0x02, 0x0f, 0xd1, 0x0a, 0x08, 0x18, 0x08,
  0x2b, 0xe5, 0xb6, 0x0c, 0x39, 0x08, 0x14, 0x2c, 0x0b, 0xe1, 0x10, 0x37,
  0xc9, 0xdb, 0x09, 0x1b, 0xe2, 0xed, 0xea, 0x20, 0xeb, 0x97, 0x26, 0xfe,
  0xe9, 0xfb, 0xd6, 0xf9, 0x1b, 0xfa, 0x03, 0xfe, 0x0b, 0x01, 0xec, 0x02,
  0xeb, 0x14, 0x00, 0x0a, 0xf6, 0xfd, 0x10, 0x10, 0xfe, 0xf2, 0xed, 0xf8,
  0x07, 0xff, 0x1f, 0xfe, 0xec, 0x14, 0xf2, 0xf8, 0xe4, 0x08, 0x1f, 0xf2,
  0xfb, 0xee, 0x27, 0x0d, 0x23, 0x0e, 0x08, 0x02, 0xff, 0xf4, 0xf5, 0x0e,
  0xf9, 0x0d, 0xf6, 0x24, 0xfb, 0x16, 0xf8, 0xe7, 0xf6, 0x0e, 0xe6, 0xf0,
  0x07, 0x27, 0xfd, 0x27, 0xfd, 0x14, 0xc1, 0x1a, 0xe8, 0xf0, 0xc6, 0xe5,
  0xc8, 0x0a, 0x1d, 0xe9, 0x04, 0xff, 0x0e, 0x05, 0xff, 0xee, 0xf6, 0xf2,
  0x3a, 0xd2, 0x2d, 0x0d, 0x10, 0xf6, 0x0e, 0x38, 0x11, 0xfa, 0x11, 0x08,
  0x07, 0xe5, 0x04, 0x24, 0x3a, 0x4b, 0x09, 0x05, 0x37, 0x00, 0xef, 0x18,
  0xfb, 0x3a, 0xfe, 0x0f, 0x00, 0x17, 0x27, 0x0d, 0xe1, 0xf5, 0xea, 0xf8,
  0xcb, 0x2a, 0xf6, 0xfc, 0xfd, 0xeb, 0x1e, 0x02, 0x19, 0x27, 0xea, 0xf0,
  0x0f, 0xdc, 0xec, 0x01, 0xf2, 0xe5, 0xfa, 0xfa, 0xfa, 0x45, 0xf4, 0xf0,
  0x19, 0xc8, 0x01, 0xf3, 0x10, 0x18, 0x18, 0x16, 0x27, 0xfa, 0xe8, 0x20,
  0x1a, 0xa2, 0x21, 0xf7, 0xd7, 0x04, 0x07, 0xdd, 0x26, 0x19, 0x29, 0xfa,
  0x23, 0x1b, 0x29, 0x1d, 0x11, 0x2c, 0x09, 0xfc, 0x2a, 0x16, 0xd7, 0x0c,
  0x1b, 0x05, 0xd5, 0xdb, 0x0a, 0x11, 0xc7, 0xd1, 0xb3, 0x17, 0xbe, 0xfb,
  0x00, 0xf3, 0x39, 0xf1, 0xf1, 0x24, 0x15, 0xfe, 0xfa, 0xfd, 0x05, 0x04,
  0xab, 0xcd, 0x45, 0xe6, 0xfc, 0xfe, 0xcb, 0xe9, 0x07, 0xd6, 0xf1, 0x01,
  0xe6, 0xf5, 0x18, 0x14, 0xf8, 0x10, 0xe7, 0xf8, 0x21, 0x05, 0x08, 0x14,
  0x18, 0x10, 0xea, 0xea, 0x15, 0xde, 0x02, 0x13, 0x0c, 0x10, 0x08, 0xf9,
  0x14, 0xf2, 0xcd, 0xe3, 0xe0, 0x14, 0x09, 0xfb, 0xee, 0xf9, 0x04, 0x0a,
  0x05, 0xf7, 0x05, 0xf4, 0x09, 0x0b, 0xe4, 0xf0, 0x12, 0xf2, 0x16, 0xfa,
  0x04, 0xee, 0xf8, 0x2b, 0x00, 0x39, 0x18, 0x02, 0x04, 0xe8, 0xfe, 0xfa,
  0x23, 0xee, 0x14, 0xf9, 0x1e, 0x20, 0xde, 0x1a, 0xf1, 0xda, 0x14, 0xd6,
  0xd5, 0x12, 0x0d, 0xcf, 0x36, 0x0a, 0x7e, 0x08, 0x3c, 0x78, 0xec, 0x07,
  0xf4, 0xf1, 0xf1, 0xd9, 0xd4, 0x57, 0x33, 0xed, 0xf1, 0xfd, 0xf5, 0xe9,
  0xef, 0x14, 0xb2, 0xe1, 0xe8, 0xf0, 0xc7, 0x21, 0x3b, 0x13, 0xff, 0x2c,
  0xc9, 0xf7, 0xde, 0xd8, 0xd0, 0x06, 0xdb, 0xc6, 0xc8, 0x6f, 0xc7, 0x41,
  0x33, 0xea, 0x06, 0x66, 0x4e, 0xc6, 0xf1, 0xb4, 0xc6, 0xd8, 0x08, 0x48,
  0x88, 0xdb, 0xe2, 0x34, 0x16, 0xde, 0xb7, 0xcb, 0xdb, 0xf1, 0xa0, 0xa1,
  0x1b, 0x0f, 0xc9, 0x51, 0xc6, 0xff, 0xa4, 0x94, 0x2d, 0x87, 0xad, 0x46,
  0xf2, 0xcb, 0xaa, 0x81, 0x93, 0x00, 0x97, 0x28, 0x8b, 0x90, 0xbc, 0x55,
  0x8e, 0xc6, 0xe1, 0xa6, 0x8a, 0xb9, 0xa8, 0x29, 0xa6, 0xa6, 0x8f, 0x25,
  0x3a, 0x8f, 0xff, 0x8c, 0xc0, 0xf8, 0xa8, 0x87, 0xe3, 0x4c, 0x05, 0x1a,
  0x82, 0x23, 0x1f, 0x28, 0xf3, 0x22, 0xc0, 0x98, 0x9f, 0xb3, 0x1d, 0x0b,
  0xf2, 0x3f, 0xaf, 0xd2, 0xa2, 0xf5, 0x39, 0xac, 0xf9, 0xb0, 0x11, 0x2a,
  0x57, 0xff, 0x0c, 0x10, 0xcc, 0x0b, 0x9c, 0x43, 0x37, 0xb7, 0xc6, 0xcc,
  0xe5, 0x40, 0xfa, 0xf6, 0x17, 0xa2, 0xa9, 0x91, 0x4f, 0x4f, 0xb3, 0x9f,
  0xc3, 0xb0, 0xf1, 0x19, 0xb6, 0x9a, 0x91, 0xbf, 0xc4, 0x3e, 0xc2, 0xbc,
  0xc1, 0x89, 0xca, 0xdd, 0xd2, 0xea, 0xae, 0x07, 0xa5, 0x98, 0x27, 0x17,
  0xa0, 0x3f, 0x35, 0x49, 0xac, 0xf8, 0xd1, 0xec, 0xf0, 0x14, 0x4e, 0x1b,
  0xde, 0x98, 0xbe, 0xab, 0x2b, 0x2b, 0xb4, 0xbd, 0xb9, 0xba, 0xac, 0x15,
  0xd9, 0x8c, 0xa9, 0xec, 0x0f, 0x32, 0xc6, 0xb4, 0x08, 0xe0, 0xec, 0x1a,
  0xde, 0x29, 0x0c, 0x46, 0xc7, 0xd4, 0xb5, 0x87, 0xb5, 0xa9, 0xc7, 0x88,
  0xba, 0x84, 0xa8, 0xdb, 0xbb, 0xf8, 0xe1, 0xb3, 0xeb, 0xa2, 0xc3, 0x21,
  0xae, 0x94, 0x18, 0xb8, 0xa1, 0xc4, 0xdb, 0x8e, 0x41, 0x9d, 0xa2, 0x59,
  0xbb, 0x8c, 0xd7, 0xad, 0x35, 0x1b, 0x84, 0x93, 0xb8, 0xe4, 0x20, 0x8a,
  0xfd, 0xf3, 0x20, 0x4f, 0x30, 0x27, 0xff, 0x95, 0xc6, 0xd9, 0x9e, 0x48,
  0x0a, 0x8b, 0x0c, 0x3f, 0xbc, 0x1b, 0x07, 0x06, 0xe5, 0xca, 0x8a, 0x54,
  0x29, 0x8c, 0x16, 0xbf, 0x97, 0x40, 0x3d, 0x17, 0xf9, 0xcf, 0x00, 0xa7,
  0x19, 0x89, 0xc7, 0x1a, 0x54, 0x3b, 0xce, 0x00, 0xe7, 0x0b, 0x0a, 0x07,
  0x94, 0xe6, 0x59, 0x11, 0xf9, 0xd0, 0xbe, 0x23, 0x52, 0x3c, 0xd9, 0xbf,
  0x2f, 0x3e, 0x9b, 0x13, 0x0e, 0xa4, 0xdc, 0x04, 0x3e, 0xb4, 0xd9, 0xc0,
  0x9d, 0x43, 0x8e, 0xd7, 0x28, 0x8f, 0xec, 0x17, 0xea, 0x4b, 0x30, 0xc6,
  0x20, 0x28, 0xe8, 0x14, 0xf5, 0x32, 0xf7, 0x3b, 0xfd, 0xb7, 0x41, 0x35,
  0x0b, 0x89, 0xb7, 0x53, 0xb5, 0xde, 0xf4, 0xf6, 0x9e, 0x9d, 0x21, 0x05,
  0xfa, 0x05, 0x2e, 0x3f, 0xf9, 0xb0, 0xba, 0x9c, 0xd4, 0xaf, 0x24, 0x37,
  0xf4, 0xc0, 0xca, 0x23, 0x08, 0xeb, 0x16, 0x3f, 0xba, 0x9c, 0x08, 0xcb,
  0x0a, 0xc3, 0xb1, 0xfc, 0xfe, 0xc3, 0xf6, 0x11, 0x1a, 0xaf, 0x05, 0x13,
  0x30, 0xc1, 0xb7, 0xc7, 0xc9, 0xd7, 0xf3, 0x4d, 0xc1, 0x88, 0xf0, 0x98,
  0x42, 0x3c, 0x63, 0x02, 0x9d, 0xb6, 0x1b, 0xcf, 0xa5, 0x40, 0x4f, 0xd5,
  0x0b, 0x38, 0xd7, 0x2d, 0x0c, 0x19, 0x3c, 0x05, 0x0e, 0x11, 0x8b, 0x3a,
  0x46, 0xf9, 0xfb, 0x4e, 0xcc, 0xc5, 0x40, 0x43, 0x2a, 0xe8, 0xff, 0x95,
  0x57, 0x4b, 0xc9, 0xe4, 0x34, 0x9b, 0x9d, 0x55, 0x27, 0x14, 0x05, 0x0d,
  0x3a, 0x51, 0xc7, 0x19, 0x16, 0xf5, 0x59, 0xf8, 0xb5, 0xd3, 0x32, 0xf8,
  0xec, 0xba, 0xfe, 0x42, 0x9e, 0x85, 0x66, 0x04, 0xb4, 0x08, 0xea, 0x8b,
  0x02, 0x50, 0x8e, 0x9e, 0x36, 0x4f, 0xe7, 0xbc, 0xb7, 0x8c, 0xd9, 0x18,
  0x59, 0x40, 0x28, 0xa4, 0x36, 0x93, 0x18, 0xed, 0x36, 0x3a, 0xeb, 0xaa,
  0x2a, 0x02, 0xc9, 0xd1, 0xc1, 0x86, 0x4d, 0x34, 0xac, 0xc7, 0x46, 0x43,
  0x08, 0x38, 0x28, 0x9b, 0x05, 0x4d, 0x37, 0x48, 0xd0, 0xf7, 0xcf, 0xd0,
  0xdf, 0x4b, 0xfb, 0xa7, 0x02, 0x22, 0xf4, 0xde, 0xb3, 0x29, 0xac, 0xfd,
  0x2b, 0x20, 0xd4, 0x14, 0x97, 0xc4, 0x28, 0xc9, 0xbf, 0x47, 0x06, 0xe4,
  0x0e, 0xb4, 0x8f, 0xd7, 0xd0, 0x03, 0xde, 0x9a, 0x8b, 0x40, 0x44, 0x14,
  0xa9, 0x12, 0x44, 0xb2, 0x8e, 0x3a, 0xb6, 0xea, 0xf5, 0xc4, 0xb8, 0xb3,
  0x41, 0xa9, 0x1f, 0x04, 0x37, 0x00, 0x39, 0xcb, 0xc8, 0x24, 0x17, 0xc2,
  0x27, 0xcc, 0xea, 0x22, 0x12, 0x40, 0xd0, 0x52, 0x35, 0xd8, 0xc6, 0xce,
  0x25, 0xf3, 0xbd, 0xe0, 0x2c, 0xb9, 0x21, 0x39, 0xaa, 0x35, 0x05, 0x01,
  0xfe, 0x45, 0x95, 0x55, 0xec, 0x2f, 0x6e, 0x47, 0xb1, 0x59, 0x4a, 0x17,
  0xe7, 0xdb, 0x45, 0xee, 0x56, 0x89, 0x06, 0xe7, 0xa8, 0x02, 0x04, 0x1d,
  0x65, 0xc1, 0x36, 0xaf, 0xb9, 0x8d, 0x09, 0xf7, 0x45, 0x3b, 0xb6, 0x45,
  0x24, 0xec, 0xdd, 0x04, 0x5f, 0xee, 0x54, 0xcf, 0xd6, 0xcc, 0xb9, 0xf2,
  0x52, 0xe6, 0x81, 0xfa, 0xf6, 0xcc, 0xbf, 0xf3, 0x72, 0xff, 0xff, 0xff,
  0x04, 0x00, 0x00, 0x00, 0x40, 0x00, 0x00, 0x00, 0x10, 0x00, 0x00, 0x00,
  0x30, 0x01, 0x00, 0x00, 0xe6, 0x00, 0x00, 0x00, 0x02, 0x02, 0x00, 0x00,
  0x3d, 0xfe, 0xff, 0xff, 0x0c, 0x02, 0x00, 0x00, 0x5f, 0x00, 0x00, 0x00,
  0x81, 0xf8, 0xff, 0xff, 0xa7, 0x01, 0x00, 0x00, 0xd5, 0x02, 0x00, 0x00,
  0xc5, 0xff, 0xff, 0xff, 0x8d, 0xff, 0xff, 0xff, 0x31, 0xfc, 0xff, 0xff,
  0xe2, 0xff, 0xff, 0xff, 0x5c, 0x00, 0x00, 0x00, 0x11, 0x05, 0x00, 0x00,
  0xbe, 0xff, 0xff, 0xff, 0x04, 0x00, 0x00, 0x00, 0x20, 0x00, 0x00, 0x00,
  0x1f, 0xa8, 0xa4, 0xaf, 0x22, 0x94, 0xad, 0xec, 0xa6, 0x97, 0xa5, 0x95,
  0x06, 0x12, 0x81, 0x17, 0x14, 0x67, 0x77, 0x57, 0x14, 0x7f, 0x6f, 0xf2,
  0x68, 0x51, 0x69, 0x71, 0xe7, 0xe6, 0x47, 0xf8, 0xea, 0xff, 0xff, 0xff,
  0x04, 0x00, 0x00, 0x00, 0x08, 0x00, 0x00, 0x00, 0x2a, 0x16, 0x00, 0x00,
  0xe1, 0xeb, 0xff, 0xff, 0x00, 0x00, 0x06, 0x00, 0x08, 0x00, 0x04, 0x00,
  0x06, 0x00, 0x00, 0x00, 0x04, 0x00, 0x00, 0x00, 0x08, 0x00, 0x00, 0x00,
  0x01, 0x00, 0x00, 0x00, 0x80, 0x02, 0x00, 0x00, 0x28, 0xf0, 0xff, 0xff,
  0x2c, 0xf0, 0xff, 0xff, 0x0f, 0x00, 0x00, 0x00, 0x4d, 0x4c, 0x49, 0x52,
  0x20, 0x43, 0x6f, 0x6e, 0x76, 0x65, 0x72, 0x74, 0x65, 0x64, 0x2e, 0x00,
  0x01, 0x00, 0x00, 0x00, 0x14, 0x00, 0x00, 0x00, 0x00, 0x00, 0x0e, 0x00,
  0x18, 0x00, 0x14, 0x00, 0x10, 0x00, 0x0c, 0x00, 0x08, 0x00, 0x04, 0x00,
  0x0e, 0x00, 0x00, 0x00, 0x14, 0x00, 0x00, 0x00, 0x1c, 0x00, 0x00, 0x00,
  0x64, 0x02, 0x00, 0x00, 0x68, 0x02, 0x00, 0x00, 0x6c, 0x02, 0x00, 0x00,
  0x04, 0x00, 0x00, 0x00, 0x6d, 0x61, 0x69, 0x6e, 0x00, 0x00, 0x00, 0x00,
  0x08, 0x00, 0x00, 0x00, 0x00, 0x02, 0x00, 0x00, 0x9c, 0x01, 0x00, 0x00,
  0x4c, 0x01, 0x00, 0x00, 0x08, 0x01, 0x00, 0x00, 0xb4, 0x00, 0x00, 0x00,
  0x8c, 0x00, 0x00, 0x00, 0x3c, 0x00, 0x00, 0x00, 0x04, 0x00, 0x00, 0x00,
  0x1a, 0xff, 0xff, 0xff, 0x14, 0x00, 0x00, 0x00, 0x00, 0x00, 0x00, 0x08,
  0x10, 0x00, 0x00, 0x00, 0x14, 0x00, 0x00, 0x00, 0x04, 0x00, 0x00, 0x00,
  0xbc, 0xf0, 0xff, 0xff, 0x01, 0x00, 0x00, 0x00, 0x11, 0x00, 0x00, 0x00,
  0x03, 0x00, 0x00, 0x00, 0x10, 0x00, 0x00, 0x00, 0x03, 0x00, 0x00, 0x00,
  0x02, 0x00, 0x00, 0x00, 0xc2, 0xfe, 0xff, 0xff, 0x1c, 0x00, 0x00, 0x00,
  0x00, 0x00, 0x00, 0x08, 0x1c, 0x00, 0x00, 0x00, 0x20, 0x00, 0x00, 0x00,
  0x04, 0x00, 0x00, 0x00, 0x00, 0x00, 0x06, 0x00, 0x08, 0x00, 0x07, 0x00,
  0x06, 0x00, 0x00, 0x00, 0x00, 0x00, 0x00, 0x01, 0x01, 0x00, 0x00, 0x00,
  0x10, 0x00, 0x00, 0x00, 0x03, 0x00, 0x00, 0x00, 0x0f, 0x00, 0x00, 0x00,
  0x05, 0x00, 0x00, 0x00, 0x04, 0x00, 0x00, 0x00, 0x00, 0x00, 0x0a, 0x00,
  0x10, 0x00, 0x0c, 0x00, 0x08, 0x00, 0x04, 0x00, 0x0a, 0x00, 0x00, 0x00,
  0x0c, 0x00, 0x00, 0x00, 0x10, 0x00, 0x00, 0x00, 0x03, 0x00, 0x00, 0x00,
  0x01, 0x00, 0x00, 0x00, 0x0f, 0x00, 0x00, 0x00, 0x02, 0x00, 0x00, 0x00,
  0x0e, 0x00, 0x00, 0x00, 0x01, 0x00, 0x00, 0x00, 0xbe, 0xff, 0xff, 0xff,
  0x14, 0x00, 0x00, 0x00, 0x00, 0x00, 0x00, 0x05, 0x24, 0x00, 0x00, 0x00,
  0x28, 0x00, 0x00, 0x00, 0x02, 0x00, 0x00, 0x00, 0x22, 0xff, 0xff, 0xff,
  0x01, 0x00, 0x00, 0x00, 0x06, 0x00, 0x00, 0x00, 0x01, 0x00, 0x00, 0x00,
  0x06, 0x00, 0x00, 0x00, 0x00, 0x00, 0x00, 0x01, 0x01, 0x00, 0x00, 0x00,
  0x0e, 0x00, 0x00, 0x00, 0x01, 0x00, 0x00, 0x00, 0x0d, 0x00, 0x00, 0x00,
  0x00, 0x00, 0x0e, 0x00, 0x18, 0x00, 0x14, 0x00, 0x10, 0x00, 0x0c, 0x00,
  0x0b, 0x00, 0x04, 0x00, 0x0e, 0x00, 0x00, 0x00, 0x14, 0x00, 0x00, 0x00,
  0x00, 0x00, 0x00, 0x05, 0x24, 0x00, 0x00, 0x00, 0x28, 0x00, 0x00, 0x00,
  0x01, 0x00, 0x00, 0x00, 0x72, 0xff, 0xff, 0xff, 0x01, 0x00, 0x00, 0x00,
  0x02, 0x00, 0x00, 0x00, 0x01, 0x00, 0x00, 0x00, 0x02, 0x00, 0x00, 0x00,
  0x00, 0x00, 0x00, 0x01, 0x01, 0x00, 0x00, 0x00, 0x0d, 0x00, 0x00, 0x00,
  0x01, 0x00, 0x00, 0x00, 0x0c, 0x00, 0x00, 0x00, 0x62, 0xff, 0xff, 0xff,
  0x10, 0x00, 0x00, 0x00, 0x00, 0x00, 0x00, 0x01, 0x18, 0x00, 0x00, 0x00,
  0x1c, 0x00, 0x00, 0x00, 0x54, 0xff, 0xff, 0xff, 0x00, 0x00, 0x00, 0x01,
  0x01, 0x00, 0x00, 0x00, 0x01, 0x00, 0x00, 0x00, 0x01, 0x00, 0x00, 0x00,
  0x0c, 0x00, 0x00, 0x00, 0x03, 0x00, 0x00, 0x00, 0x0b, 0x00, 0x00, 0x00,
  0x07, 0x00, 0x00, 0x00, 0x06, 0x00, 0x00, 0x00, 0x00, 0x00, 0x0e, 0x00,
  0x1a, 0x00, 0x14, 0x00, 0x10, 0x00, 0x0c, 0x00, 0x0b, 0x00, 0x04, 0x00,
  0x0e, 0x00, 0x00, 0x00, 0x24, 0x00, 0x00, 0x00, 0x00, 0x00, 0x00, 0x05,
  0x34, 0x00, 0x00, 0x00, 0x38, 0x00, 0x00, 0x00, 0x01, 0x00, 0x00, 0x00,
  0x00, 0x00, 0x0e, 0x00, 0x18, 0x00, 0x17, 0x00, 0x10, 0x00, 0x0c, 0x00,
  0x08, 0x00, 0x04, 0x00, 0x0e, 0x00, 0x00, 0x00, 0x01, 0x00, 0x00, 0x00,
  0x02, 0x00, 0x00, 0x00, 0x01, 0x00, 0x00, 0x00, 0x02, 0x00, 0x00, 0x00,
  0x00, 0x00, 0x00, 0x01, 0x01, 0x00, 0x00, 0x00, 0x0b, 0x00, 0x00, 0x00,
  0x01, 0x00, 0x00, 0x00, 0x0a, 0x00, 0x00, 0x00, 0x00, 0x00, 0x0e, 0x00,
  0x14, 0x00, 0x00, 0x00, 0x10, 0x00, 0x0c, 0x00, 0x0b, 0x00, 0x04, 0x00,
  0x0e, 0x00, 0x00, 0x00, 0x1c, 0x00, 0x00, 0x00, 0x00, 0x00, 0x00, 0x01,
  0x24, 0x00, 0x00, 0x00, 0x28, 0x00, 0x00, 0x00, 0x0c, 0x00, 0x10, 0x00,
  0x00, 0x00, 0x0c, 0x00, 0x08, 0x00, 0x07, 0x00, 0x0c, 0x00, 0x00, 0x00,
  0x00, 0x00, 0x00, 0x01, 0x01, 0x00, 0x00, 0x00, 0x01, 0x00, 0x00, 0x00,
  0x01, 0x00, 0x00, 0x00, 0x0a, 0x00, 0x00, 0x00, 0x03, 0x00, 0x00, 0x00,
  0x00, 0x00, 0x00, 0x00, 0x09, 0x00, 0x00, 0x00, 0x08, 0x00, 0x00, 0x00,
  0x01, 0x00, 0x00, 0x00, 0x11, 0x00, 0x00, 0x00, 0x01, 0x00, 0x00, 0x00,
  0x00, 0x00, 0x00, 0x00, 0x12, 0x00, 0x00, 0x00, 0x5c, 0x0d, 0x00, 0x00,
  0x00, 0x0d, 0x00, 0x00, 0x90, 0x0c, 0x00, 0x00, 0x1c, 0x0c, 0x00, 0x00,
  0x08, 0x0b, 0x00, 0x00, 0xec, 0x09, 0x00, 0x00, 0xd8, 0x08, 0x00, 0x00,
  0xb4, 0x07, 0x00, 0x00, 0xa0, 0x06, 0x00, 0x00, 0x7c, 0x05, 0x00, 0x00,
  0x70, 0x04, 0x00, 0x00, 0xe4, 0x03, 0x00, 0x00, 0xd8, 0x02, 0x00, 0x00,
  0x4c, 0x02, 0x00, 0x00, 0xc0, 0x01, 0x00, 0x00, 0x44, 0x01, 0x00, 0x00,
  0x60, 0x00, 0x00, 0x00, 0x04, 0x00, 0x00, 0x00, 0x02, 0xf3, 0xff, 0xff,
  0x00, 0x00, 0x00, 0x01, 0x14, 0x00, 0x00, 0x00, 0x30, 0x00, 0x00, 0x00,
  0x12, 0x00, 0x00, 0x00, 0x00, 0x00, 0x00, 0x09, 0x34, 0x00, 0x00, 0x00,
  0xec, 0xf2, 0xff, 0xff, 0x08, 0x00, 0x00, 0x00, 0x10, 0x00, 0x00, 0x00,
  0x01, 0x00, 0x00, 0x00, 0x0b, 0x00, 0x00, 0x00, 0x00, 0x00, 0x00, 0x00,
  0x01, 0x00, 0x00, 0x00, 0x1f, 0x69, 0xeb, 0x3c, 0x08, 0x00, 0x00, 0x00,
  0x49, 0x64, 0x65, 0x6e, 0x74, 0x69, 0x74, 0x79, 0x00, 0x00, 0x00, 0x00,
  0x02, 0x00, 0x00, 0x00, 0x01, 0x00, 0x00, 0x00, 0x02, 0x00, 0x00, 0x00,
  0x5a, 0xf3, 0xff, 0xff, 0x00, 0x00, 0x00, 0x01, 0x14, 0x00, 0x00, 0x00,
  0x34, 0x00, 0x00, 0x00, 0x11, 0x00, 0x00, 0x00, 0x00, 0x00, 0x00, 0x09,
  0xbc, 0x00, 0x00, 0x00, 0x44, 0xf3, 0xff, 0xff, 0x08, 0x00, 0x00, 0x00,
  0x14, 0x00, 0x00, 0x00, 0x01, 0x00, 0x00, 0x00, 0x80, 0xff, 0xff, 0xff,
  0xff, 0xff, 0xff, 0xff, 0x00, 0x00, 0x00, 0x00, 0x01, 0x00, 0x00, 0x00,
  0x14, 0xf6, 0x40, 0x3d, 0x8d, 0x00, 0x00, 0x00, 0x63, 0x6e, 0x6e, 0x32,
  0x64, 0x5f, 0x66, 0x72, 0x65, 0x71, 0x70, 0x72, 0x65, 0x73, 0x65, 0x72,
  0x76, 0x69, 0x6e, 0x67, 0x5f, 0x74, 0x66, 0x5f, 0x31, 0x2f, 0x68, 0x65,
  0x61, 0x64, 0x5f, 0x64, 0x65, 0x6e, 0x73, 0x65, 0x5f, 0x30, 0x5f, 0x31,
  0x2f, 0x4d, 0x61, 0x74, 0x4d, 0x75, 0x6c, 0x3b, 0x63, 0x6e, 0x6e, 0x32,
  0x64, 0x5f, 0x66, 0x72, 0x65, 0x71, 0x70, 0x72, 0x65, 0x73, 0x65, 0x72,
  0x76, 0x69, 0x6e, 0x67, 0x5f, 0x74, 0x66, 0x5f, 0x31, 0x2f, 0x68, 0x65,
  0x61, 0x64, 0x5f, 0x72, 0x65, 0x6c, 0x75, 0x5f, 0x30, 0x5f, 0x31, 0x2f,
  0x52, 0x65, 0x6c, 0x75, 0x3b, 0x63, 0x6e, 0x6e, 0x32, 0x64, 0x5f, 0x66,
  0x72, 0x65, 0x71, 0x70, 0x72, 0x65, 0x73, 0x65, 0x72, 0x76, 0x69, 0x6e,
  0x67, 0x5f, 0x74, 0x66, 0x5f, 0x31, 0x2f, 0x68, 0x65, 0x61, 0x64, 0x5f,
  0x64, 0x65, 0x6e, 0x73, 0x65, 0x5f, 0x30, 0x5f, 0x31, 0x2f, 0x42, 0x69,
  0x61, 0x73, 0x41, 0x64, 0x64, 0x00, 0x00, 0x00, 0x02, 0x00, 0x00, 0x00,
  0x01, 0x00, 0x00, 0x00, 0x10, 0x00, 0x00, 0x00, 0x3a, 0xf4, 0xff, 0xff,
  0x00, 0x00, 0x00, 0x01, 0x14, 0x00, 0x00, 0x00, 0x30, 0x00, 0x00, 0x00,
  0x10, 0x00, 0x00, 0x00, 0x00, 0x00, 0x00, 0x09, 0x54, 0x00, 0x00, 0x00,
  0x24, 0xf4, 0xff, 0xff, 0x08, 0x00, 0x00, 0x00, 0x10, 0x00, 0x00, 0x00,
  0x01, 0x00, 0x00, 0x00, 0x80, 0xff, 0xff, 0xff, 0xff, 0xff, 0xff, 0xff,
  0x01, 0x00, 0x00, 0x00, 0x1f, 0xfc, 0x4f, 0x3d, 0x2b, 0x00, 0x00, 0x00,
  0x63, 0x6e, 0x6e, 0x32, 0x64, 0x5f, 0x66, 0x72, 0x65, 0x71, 0x70, 0x72,
  0x65, 0x73, 0x65, 0x72, 0x76, 0x69, 0x6e, 0x67, 0x5f, 0x74, 0x66, 0x5f,
  0x31, 0x2f, 0x66, 0x6c, 0x61, 0x74, 0x74, 0x65, 0x6e, 0x5f, 0x31, 0x2f,
  0x52, 0x65, 0x73, 0x68, 0x61, 0x70, 0x65, 0x00, 0x02, 0x00, 0x00, 0x00,
  0x01, 0x00, 0x00, 0x00, 0x80, 0x02, 0x00, 0x00, 0xb2, 0xf4, 0xff, 0xff,
  0x00, 0x00, 0x00, 0x01, 0x14, 0x00, 0x00, 0x00, 0x30, 0x00, 0x00, 0x00,
  0x0f, 0x00, 0x00, 0x00, 0x00, 0x00, 0x00, 0x09, 0x5c, 0x00, 0x00, 0x00,
  0x9c, 0xf4, 0xff, 0xff, 0x08, 0x00, 0x00, 0x00, 0x10, 0x00, 0x00, 0x00,
  0x01, 0x00, 0x00, 0x00, 0x80, 0xff, 0xff, 0xff, 0xff, 0xff, 0xff, 0xff,
  0x01, 0x00, 0x00, 0x00, 0x1f, 0xfc, 0x4f, 0x3d, 0x31, 0x00, 0x00, 0x00,
  0x63, 0x6e, 0x6e, 0x32, 0x64, 0x5f, 0x66, 0x72, 0x65, 0x71, 0x70, 0x72,
  0x65, 0x73, 0x65, 0x72, 0x76, 0x69, 0x6e, 0x67, 0x5f, 0x74, 0x66, 0x5f,
  0x31, 0x2f, 0x74, 0x69, 0x6d, 0x65, 0x5f, 0x61, 0x76, 0x67, 0x5f, 0x70,
  0x6f, 0x6f, 0x6c, 0x5f, 0x31, 0x2f, 0x41, 0x76, 0x67, 0x50, 0x6f, 0x6f,
  0x6c, 0x00, 0x00, 0x00, 0x04, 0x00, 0x00, 0x00, 0x01, 0x00, 0x00, 0x00,
  0x28, 0x00, 0x00, 0x00, 0x01, 0x00, 0x00, 0x00, 0x10, 0x00, 0x00, 0x00,
  0x3a, 0xf5, 0xff, 0xff, 0x00, 0x00, 0x00, 0x01, 0x14, 0x00, 0x00, 0x00,
  0x34, 0x00, 0x00, 0x00, 0x0e, 0x00, 0x00, 0x00, 0x00, 0x00, 0x00, 0x09,
  0x5c, 0x00, 0x00, 0x00, 0x24, 0xf5, 0xff, 0xff, 0x08, 0x00, 0x00, 0x00,
  0x14, 0x00, 0x00, 0x00, 0x01, 0x00, 0x00, 0x00, 0x80, 0xff, 0xff, 0xff,
  0xff, 0xff, 0xff, 0xff, 0x00, 0x00, 0x00, 0x00, 0x01, 0x00, 0x00, 0x00,
  0x1f, 0xfc, 0x4f, 0x3d, 0x2c, 0x00, 0x00, 0x00, 0x63, 0x6e, 0x6e, 0x32,
  0x64, 0x5f, 0x66, 0x72, 0x65, 0x71, 0x70, 0x72, 0x65, 0x73, 0x65, 0x72,
  0x76, 0x69, 0x6e, 0x67, 0x5f, 0x74, 0x66, 0x5f, 0x31, 0x2f, 0x70, 0x6f,
  0x6f, 0x6c, 0x5f, 0x31, 0x5f, 0x31, 0x2f, 0x4d, 0x61, 0x78, 0x50, 0x6f,
  0x6f, 0x6c, 0x32, 0x64, 0x00, 0x00, 0x00, 0x00, 0x04, 0x00, 0x00, 0x00,
  0x01, 0x00, 0x00, 0x00, 0x28, 0x00, 0x00, 0x00, 0x06, 0x00, 0x00, 0x00,
  0x10, 0x00, 0x00, 0x00, 0xc2, 0xf5, 0xff, 0xff, 0x00, 0x00, 0x00, 0x01,
  0x14, 0x00, 0x00, 0x00, 0x30, 0x00, 0x00, 0x00, 0x0d, 0x00, 0x00, 0x00,
  0x00, 0x00, 0x00, 0x09, 0xdc, 0x00, 0x00, 0x00, 0xac, 0xf5, 0xff, 0xff,
  0x08, 0x00, 0x00, 0x00, 0x10, 0x00, 0x00, 0x00, 0x01, 0x00, 0x00, 0x00,
  0x80, 0xff, 0xff, 0xff, 0xff, 0xff, 0xff, 0xff, 0x01, 0x00, 0x00, 0x00,
  0x1f, 0xfc, 0x4f, 0x3d, 0xb1, 0x00, 0x00, 0x00, 0x63, 0x6e, 0x6e, 0x32,
  0x64, 0x5f, 0x66, 0x72, 0x65, 0x71, 0x70, 0x72, 0x65, 0x73, 0x65, 0x72,
  0x76, 0x69, 0x6e, 0x67, 0x5f, 0x74, 0x66, 0x5f, 0x31, 0x2f, 0x63, 0x6f,
  0x6e, 0x76, 0x5f, 0x72, 0x65, 0x6c, 0x75, 0x5f, 0x31, 0x5f, 0x31, 0x2f,
  0x52, 0x65, 0x6c, 0x75, 0x3b, 0x63, 0x6e, 0x6e, 0x32, 0x64, 0x5f, 0x66,
  0x72, 0x65, 0x71, 0x70, 0x72, 0x65, 0x73, 0x65, 0x72, 0x76, 0x69, 0x6e,
  0x67, 0x5f, 0x74, 0x66, 0x5f, 0x31, 0x2f, 0x63, 0x6f, 0x6e, 0x76, 0x5f,
  0x31, 0x5f, 0x31, 0x2f, 0x42, 0x69, 0x61, 0x73, 0x41, 0x64, 0x64, 0x3b,
  0x63, 0x6e, 0x6e, 0x32, 0x64, 0x5f, 0x66, 0x72, 0x65, 0x71, 0x70, 0x72,
  0x65, 0x73, 0x65, 0x72, 0x76, 0x69, 0x6e, 0x67, 0x5f, 0x74, 0x66, 0x5f,
  0x31, 0x2f, 0x63, 0x6f, 0x6e, 0x76, 0x5f, 0x31, 0x5f, 0x31, 0x2f, 0x63,
  0x6f, 0x6e, 0x76, 0x6f, 0x6c, 0x75, 0x74, 0x69, 0x6f, 0x6e, 0x3b, 0x63,
  0x6e, 0x6e, 0x32, 0x64, 0x5f, 0x66, 0x72, 0x65, 0x71, 0x70, 0x72, 0x65,
  0x73, 0x65, 0x72, 0x76, 0x69, 0x6e, 0x67, 0x5f, 0x74, 0x66, 0x5f, 0x31,
  0x2f, 0x63, 0x6f, 0x6e, 0x76, 0x5f, 0x31, 0x5f, 0x31, 0x2f, 0x53, 0x71,
  0x75, 0x65, 0x65, 0x7a, 0x65, 0x00, 0x00, 0x00, 0x04, 0x00, 0x00, 0x00,
  0x01, 0x00, 0x00, 0x00, 0x28, 0x00, 0x00, 0x00, 0x0c, 0x00, 0x00, 0x00,
  0x10, 0x00, 0x00, 0x00, 0xca, 0xf6, 0xff, 0xff, 0x00, 0x00, 0x00, 0x01,
  0x14, 0x00, 0x00, 0x00, 0x34, 0x00, 0x00, 0x00, 0x0c, 0x00, 0x00, 0x00,
  0x00, 0x00, 0x00, 0x09, 0x5c, 0x00, 0x00, 0x00, 0xb4, 0xf6, 0xff, 0xff,
  0x08, 0x00, 0x00, 0x00, 0x14, 0x00, 0x00, 0x00, 0x01, 0x00, 0x00, 0x00,
  0x80, 0xff, 0xff, 0xff, 0xff, 0xff, 0xff, 0xff, 0x00, 0x00, 0x00, 0x00,
  0x01, 0x00, 0x00, 0x00, 0x79, 0xc8, 0x3f, 0x3c, 0x2c, 0x00, 0x00, 0x00,
  0x63, 0x6e, 0x6e, 0x32, 0x64, 0x5f, 0x66, 0x72, 0x65, 0x71, 0x70, 0x72,
  0x65, 0x73, 0x65, 0x72, 0x76, 0x69, 0x6e, 0x67, 0x5f, 0x74, 0x66, 0x5f,
  0x31, 0x2f, 0x70, 0x6f, 0x6f, 0x6c, 0x5f, 0x30, 0x5f, 0x31, 0x2f, 0x4d,
  0x61, 0x78, 0x50, 0x6f, 0x6f, 0x6c, 0x32, 0x64, 0x00, 0x00, 0x00, 0x00,
  0x04, 0x00, 0x00, 0x00, 0x01, 0x00, 0x00, 0x00, 0x28, 0x00, 0x00, 0x00,
  0x0c, 0x00, 0x00, 0x00, 0x10, 0x00, 0x00, 0x00, 0x52, 0xf7, 0xff, 0xff,
  0x00, 0x00, 0x00, 0x01, 0x14, 0x00, 0x00, 0x00, 0x30, 0x00, 0x00, 0x00,
  0x0b, 0x00, 0x00, 0x00, 0x00, 0x00, 0x00, 0x09, 0xdc, 0x00, 0x00, 0x00,
  0x3c, 0xf7, 0xff, 0xff, 0x08, 0x00, 0x00, 0x00, 0x10, 0x00, 0x00, 0x00,
  0x01, 0x00, 0x00, 0x00, 0x80, 0xff, 0xff, 0xff, 0xff, 0xff, 0xff, 0xff,
  0x01, 0x00, 0x00, 0x00, 0x79, 0xc8, 0x3f, 0x3c, 0xb2, 0x00, 0x00, 0x00,
  0x63, 0x6e, 0x6e, 0x32, 0x64, 0x5f, 0x66, 0x72, 0x65, 0x71, 0x70, 0x72,
  0x65, 0x73, 0x65, 0x72, 0x76, 0x69, 0x6e, 0x67, 0x5f, 0x74, 0x66, 0x5f,
  0x31, 0x2f, 0x63, 0x6f, 0x6e, 0x76, 0x5f, 0x72, 0x65, 0x6c, 0x75, 0x5f,
  0x30, 0x5f, 0x31, 0x2f, 0x52, 0x65, 0x6c, 0x75, 0x3b, 0x63, 0x6e, 0x6e,
  0x32, 0x64, 0x5f, 0x66, 0x72, 0x65, 0x71, 0x70, 0x72, 0x65, 0x73, 0x65,
  0x72, 0x76, 0x69, 0x6e, 0x67, 0x5f, 0x74, 0x66, 0x5f, 0x31, 0x2f, 0x63,
  0x6f, 0x6e, 0x76, 0x5f, 0x30, 0x5f, 0x31, 0x2f, 0x42, 0x69, 0x61, 0x73,
  0x41, 0x64, 0x64, 0x3b, 0x63, 0x6e, 0x6e, 0x32, 0x64, 0x5f, 0x66, 0x72,
  0x65, 0x71, 0x70, 0x72, 0x65, 0x73, 0x65, 0x72, 0x76, 0x69, 0x6e, 0x67,
  0x5f, 0x74, 0x66, 0x5f, 0x31, 0x2f, 0x63, 0x6f, 0x6e, 0x76, 0x5f, 0x30,
  0x5f, 0x31, 0x2f, 0x63, 0x6f, 0x6e, 0x76, 0x6f, 0x6c, 0x75, 0x74, 0x69,
  0x6f, 0x6e, 0x3b, 0x63, 0x6e, 0x6e, 0x32, 0x64, 0x5f, 0x66, 0x72, 0x65,
  0x71, 0x70, 0x72, 0x65, 0x73, 0x65, 0x72, 0x76, 0x69, 0x6e, 0x67, 0x5f,
  0x74, 0x66, 0x5f, 0x31, 0x2f, 0x63, 0x6f, 0x6e, 0x76, 0x5f, 0x30, 0x5f,
  0x31, 0x2f, 0x53, 0x71, 0x75, 0x65, 0x65, 0x7a, 0x65, 0x31, 0x00, 0x00,
  0x04, 0x00, 0x00, 0x00, 0x01, 0x00, 0x00, 0x00, 0x28, 0x00, 0x00, 0x00,
  0x18, 0x00, 0x00, 0x00, 0x10, 0x00, 0x00, 0x00, 0x5a, 0xf8, 0xff, 0xff,
  0x00, 0x00, 0x00, 0x01, 0x14, 0x00, 0x00, 0x00, 0xe8, 0x00, 0x00, 0x00,
  0x0a, 0x00, 0x00, 0x00, 0x00, 0x00, 0x00, 0x09, 0xf4, 0x00, 0x00, 0x00,
  0x44, 0xf8, 0xff, 0xff, 0x08, 0x00, 0x00, 0x00, 0x8c, 0x00, 0x00, 0x00,
  0x10, 0x00, 0x00, 0x00, 0x00, 0x00, 0x00, 0x00, 0x00, 0x00, 0x00, 0x00,
  0x00, 0x00, 0x00, 0x00, 0x00, 0x00, 0x00, 0x00, 0x00, 0x00, 0x00, 0x00,
  0x00, 0x00, 0x00, 0x00, 0x00, 0x00, 0x00, 0x00, 0x00, 0x00, 0x00, 0x00,
  0x00, 0x00, 0x00, 0x00, 0x00, 0x00, 0x00, 0x00, 0x00, 0x00, 0x00, 0x00,
  0x00, 0x00, 0x00, 0x00, 0x00, 0x00, 0x00, 0x00, 0x00, 0x00, 0x00, 0x00,
  0x00, 0x00, 0x00, 0x00, 0x00, 0x00, 0x00, 0x00, 0x00, 0x00, 0x00, 0x00,
  0x00, 0x00, 0x00, 0x00, 0x00, 0x00, 0x00, 0x00, 0x00, 0x00, 0x00, 0x00,
  0x00, 0x00, 0x00, 0x00, 0x00, 0x00, 0x00, 0x00, 0x00, 0x00, 0x00, 0x00,
  0x00, 0x00, 0x00, 0x00, 0x00, 0x00, 0x00, 0x00, 0x00, 0x00, 0x00, 0x00,
  0x00, 0x00, 0x00, 0x00, 0x00, 0x00, 0x00, 0x00, 0x00, 0x00, 0x00, 0x00,
  0x00, 0x00, 0x00, 0x00, 0x00, 0x00, 0x00, 0x00, 0x00, 0x00, 0x00, 0x00,
  0x00, 0x00, 0x00, 0x00, 0x10, 0x00, 0x00, 0x00, 0x81, 0xfc, 0x59, 0x3b,
  0x0e, 0x2a, 0x89, 0x3b, 0x56, 0xe0, 0xb4, 0x3b, 0xf8, 0x98, 0x7f, 0x3b,
  0x44, 0x93, 0x6a, 0x3b, 0x2d, 0xfe, 0x7f, 0x3b, 0xca, 0x6f, 0xa6, 0x3b,
  0x1a, 0x78, 0x86, 0x3b, 0x7d, 0xf4, 0x81, 0x3b, 0x74, 0xa7, 0xc4, 0x3b,
  0x91, 0x7f, 0x4b, 0x3b, 0xdd, 0x54, 0x74, 0x3b, 0x16, 0x23, 0x49, 0x3b,
  0x88, 0x3b, 0x3d, 0x3b, 0x5b, 0xc3, 0x9d, 0x3b, 0xa4, 0xf3, 0x93, 0x3b,
  0x12, 0x00, 0x00, 0x00, 0x74, 0x66, 0x6c, 0x2e, 0x70, 0x73, 0x65, 0x75,
  0x64, 0x6f, 0x5f, 0x71, 0x63, 0x6f, 0x6e, 0x73, 0x74, 0x37, 0x00, 0x00,
  0x04, 0x00, 0x00, 0x00, 0x10, 0x00, 0x00, 0x00, 0x03, 0x00, 0x00, 0x00,
  0x03, 0x00, 0x00, 0x00, 0x01, 0x00, 0x00, 0x00, 0x7a, 0xf9, 0xff, 0xff,
  0x00, 0x00, 0x00, 0x01, 0x14, 0x00, 0x00, 0x00, 0xe4, 0x00, 0x00, 0x00,
  0x09, 0x00, 0x00, 0x00, 0x00, 0x00, 0x00, 0x02, 0xf0, 0x00, 0x00, 0x00,
  0x64, 0xf9, 0xff, 0xff, 0x08, 0x00, 0x00, 0x00, 0x88, 0x00, 0x00, 0x00,
  0x10, 0x00, 0x00, 0x00, 0x00, 0x00, 0x00, 0x00, 0x00, 0x00, 0x00, 0x00,
  0x00, 0x00, 0x00, 0x00, 0x00, 0x00, 0x00, 0x00, 0x00, 0x00, 0x00, 0x00,
  0x00, 0x00, 0x00, 0x00, 0x00, 0x00, 0x00, 0x00, 0x00, 0x00, 0x00, 0x00,
  0x00, 0x00, 0x00, 0x00, 0x00, 0x00, 0x00, 0x00, 0x00, 0x00, 0x00, 0x00,
  0x00, 0x00, 0x00, 0x00, 0x00, 0x00, 0x00, 0x00, 0x00, 0x00, 0x00, 0x00,
  0x00, 0x00, 0x00, 0x00, 0x00, 0x00, 0x00, 0x00, 0x00, 0x00, 0x00, 0x00,
  0x00, 0x00, 0x00, 0x00, 0x00, 0x00, 0x00, 0x00, 0x00, 0x00, 0x00, 0x00,
  0x00, 0x00, 0x00, 0x00, 0x00, 0x00, 0x00, 0x00, 0x00, 0x00, 0x00, 0x00,
  0x00, 0x00, 0x00, 0x00, 0x00, 0x00, 0x00, 0x00, 0x00, 0x00, 0x00, 0x00,
  0x00, 0x00, 0x00, 0x00, 0x00, 0x00, 0x00, 0x00, 0x00, 0x00, 0x00, 0x00,
  0x00, 0x00, 0x00, 0x00, 0x00, 0x00, 0x00, 0x00, 0x00, 0x00, 0x00, 0x00,
  0x10, 0x00, 0x00, 0x00, 0xe5, 0x3c, 0x56, 0x38, 0x3d, 0xce, 0x86, 0x38,
  0x18, 0xc4, 0xb1, 0x38, 0xcb, 0x33, 0x7b, 0x38, 0xa2, 0x8a, 0x66, 0x38,
  0x42, 0x97, 0x7b, 0x38, 0x1c, 0x93, 0xa3, 0x38, 0x26, 0x28, 0x84, 0x38,
  0xd1, 0x70, 0x7f, 0x38, 0xc1, 0x45, 0xc1, 0x38, 0xbd, 0xff, 0x47, 0x38,
  0x48, 0x21, 0x70, 0x38, 0xa7, 0xad, 0x45, 0x38, 0x81, 0xfa, 0x39, 0x38,
  0xdc, 0x0c, 0x9b, 0x38, 0x56, 0x68, 0x91, 0x38, 0x12, 0x00, 0x00, 0x00,
  0x74, 0x66, 0x6c, 0x2e, 0x70, 0x73, 0x65, 0x75, 0x64, 0x6f, 0x5f, 0x71,
  0x63, 0x6f, 0x6e, 0x73, 0x74, 0x36, 0x00, 0x00, 0x01, 0x00, 0x00, 0x00,
  0x10, 0x00, 0x00, 0x00, 0x8a, 0xfa, 0xff, 0xff, 0x00, 0x00, 0x00, 0x01,
  0x14, 0x00, 0x00, 0x00, 0xe8, 0x00, 0x00, 0x00, 0x08, 0x00, 0x00, 0x00,
  0x00, 0x00, 0x00, 0x09, 0xf4, 0x00, 0x00, 0x00, 0x74, 0xfa, 0xff, 0xff,
  0x08, 0x00, 0x00, 0x00, 0x8c, 0x00, 0x00, 0x00, 0x10, 0x00, 0x00, 0x00,
  0x00, 0x00, 0x00, 0x00, 0x00, 0x00, 0x00, 0x00, 0x00, 0x00, 0x00, 0x00,
  0x00, 0x00, 0x00, 0x00, 0x00, 0x00, 0x00, 0x00, 0x00, 0x00, 0x00, 0x00,
  0x00, 0x00, 0x00, 0x00, 0x00, 0x00, 0x00, 0x00, 0x00, 0x00, 0x00, 0x00,
  0x00, 0x00, 0x00, 0x00, 0x00, 0x00, 0x00, 0x00, 0x00, 0x00, 0x00, 0x00,
  0x00, 0x00, 0x00, 0x00, 0x00, 0x00, 0x00, 0x00, 0x00, 0x00, 0x00, 0x00,
  0x00, 0x00, 0x00, 0x00, 0x00, 0x00, 0x00, 0x00, 0x00, 0x00, 0x00, 0x00,
  0x00, 0x00, 0x00, 0x00, 0x00, 0x00, 0x00, 0x00, 0x00, 0x00, 0x00, 0x00,
  0x00, 0x00, 0x00, 0x00, 0x00, 0x00, 0x00, 0x00, 0x00, 0x00, 0x00, 0x00,
  0x00, 0x00, 0x00, 0x00, 0x00, 0x00, 0x00, 0x00, 0x00, 0x00, 0x00, 0x00,
  0x00, 0x00, 0x00, 0x00, 0x00, 0x00, 0x00, 0x00, 0x00, 0x00, 0x00, 0x00,
  0x00, 0x00, 0x00, 0x00, 0x00, 0x00, 0x00, 0x00, 0x00, 0x00, 0x00, 0x00,
  0x10, 0x00, 0x00, 0x00, 0xf3, 0xfe, 0x5c, 0x3b, 0xff, 0x36, 0xaa, 0x3b,
  0x3f, 0x8c, 0x65, 0x3b, 0xd6, 0xbb, 0x8b, 0x3b, 0xef, 0xca, 0x4f, 0x3b,
  0xee, 0xbd, 0x98, 0x3b, 0x74, 0x39, 0x87, 0x3b, 0xa3, 0xe9, 0x95, 0x3b,
  0x19, 0x8d, 0xbf, 0x3b, 0xae, 0xb0, 0xba, 0x3b, 0xd2, 0x1c, 0xd6, 0x3b,
  0xbf, 0xb3, 0x60, 0x3b, 0x1f, 0xec, 0x83, 0x3b, 0x80, 0xc0, 0x15, 0x3b,
  0xeb, 0xf0, 0xb5, 0x3b, 0xc1, 0x43, 0xb1, 0x3b, 0x12, 0x00, 0x00, 0x00,
  0x74, 0x66, 0x6c, 0x2e, 0x70, 0x73, 0x65, 0x75, 0x64, 0x6f, 0x5f, 0x71,
  0x63, 0x6f, 0x6e, 0x73, 0x74, 0x35, 0x00, 0x00, 0x04, 0x00, 0x00, 0x00,
  0x10, 0x00, 0x00, 0x00, 0x03, 0x00, 0x00, 0x00, 0x03, 0x00, 0x00, 0x00,
  0x10, 0x00, 0x00, 0x00, 0xaa, 0xfb, 0xff, 0xff, 0x00, 0x00, 0x00, 0x01,
  0x14, 0x00, 0x00, 0x00, 0xe4, 0x00, 0x00, 0x00, 0x07, 0x00, 0x00, 0x00,
  0x00, 0x00, 0x00, 0x02, 0xf0, 0x00, 0x00, 0x00, 0x94, 0xfb, 0xff, 0xff,
  0x08, 0x00, 0x00, 0x00, 0x88, 0x00, 0x00, 0x00, 0x10, 0x00, 0x00, 0x00,
  0x00, 0x00, 0x00, 0x00, 0x00, 0x00, 0x00, 0x00, 0x00, 0x00, 0x00, 0x00,
  0x00, 0x00, 0x00, 0x00, 0x00, 0x00, 0x00, 0x00, 0x00, 0x00, 0x00, 0x00,
  0x00, 0x00, 0x00, 0x00, 0x00, 0x00, 0x00, 0x00, 0x00, 0x00, 0x00, 0x00,
  0x00, 0x00, 0x00, 0x00, 0x00, 0x00, 0x00, 0x00, 0x00, 0x00, 0x00, 0x00,
  0x00, 0x00, 0x00, 0x00, 0x00, 0x00, 0x00, 0x00, 0x00, 0x00, 0x00, 0x00,
  0x00, 0x00, 0x00, 0x00, 0x00, 0x00, 0x00, 0x00, 0x00, 0x00, 0x00, 0x00,
  0x00, 0x00, 0x00, 0x00, 0x00, 0x00, 0x00, 0x00, 0x00, 0x00, 0x00, 0x00,
  0x00, 0x00, 0x00, 0x00, 0x00, 0x00, 0x00, 0x00, 0x00, 0x00, 0x00, 0x00,
  0x00, 0x00, 0x00, 0x00, 0x00, 0x00, 0x00, 0x00, 0x00, 0x00, 0x00, 0x00,
  0x00, 0x00, 0x00, 0x00, 0x00, 0x00, 0x00, 0x00, 0x00, 0x00, 0x00, 0x00,
  0x00, 0x00, 0x00, 0x00, 0x00, 0x00, 0x00, 0x00, 0x10, 0x00, 0x00, 0x00,
  0x47, 0x8f, 0x25, 0x38, 0xa7, 0x08, 0x7f, 0x38, 0x65, 0xf7, 0x2b, 0x38,
  0x23, 0x5d, 0x51, 0x38, 0x21, 0xab, 0x1b, 0x38, 0xa2, 0xda, 0x64, 0x38,
  0x85, 0x9b, 0x4a, 0x38, 0x6c, 0x9d, 0x60, 0x38, 0x46, 0x80, 0x8f, 0x38,
  0x04, 0xdc, 0x8b, 0x38, 0x2c, 0x67, 0xa0, 0x38, 0x12, 0x56, 0x28, 0x38,
  0xf4, 0xa8, 0x45, 0x38, 0xc9, 0x5f, 0xe0, 0x37, 0x3a, 0x4d, 0x88, 0x38,
  0x5e, 0xcc, 0x84, 0x38, 0x12, 0x00, 0x00, 0x00, 0x74, 0x66, 0x6c, 0x2e,
  0x70, 0x73, 0x65, 0x75, 0x64, 0x6f, 0x5f, 0x71, 0x63, 0x6f, 0x6e, 0x73,
  0x74, 0x34, 0x00, 0x00, 0x01, 0x00, 0x00, 0x00, 0x10, 0x00, 0x00, 0x00,
  0xba, 0xfc, 0xff, 0xff, 0x00, 0x00, 0x00, 0x01, 0x14, 0x00, 0x00, 0x00,
  0xe8, 0x00, 0x00, 0x00, 0x06, 0x00, 0x00, 0x00, 0x00, 0x00, 0x00, 0x09,
  0xf4, 0x00, 0x00, 0x00, 0xa4, 0xfc, 0xff, 0xff, 0x08, 0x00, 0x00, 0x00,
  0x8c, 0x00, 0x00, 0x00, 0x10, 0x00, 0x00, 0x00, 0x00, 0x00, 0x00, 0x00,
  0x00, 0x00, 0x00, 0x00, 0x00, 0x00, 0x00, 0x00, 0x00, 0x00, 0x00, 0x00,
  0x00, 0x00, 0x00, 0x00, 0x00, 0x00, 0x00, 0x00, 0x00, 0x00, 0x00, 0x00,
  0x00, 0x00, 0x00, 0x00, 0x00, 0x00, 0x00, 0x00, 0x00, 0x00, 0x00, 0x00,
  0x00, 0x00, 0x00, 0x00, 0x00, 0x00, 0x00, 0x00, 0x00, 0x00, 0x00, 0x00,
  0x00, 0x00, 0x00, 0x00, 0x00, 0x00, 0x00, 0x00, 0x00, 0x00, 0x00, 0x00,
  0x00, 0x00, 0x00, 0x00, 0x00, 0x00, 0x00, 0x00, 0x00, 0x00, 0x00, 0x00,
  0x00, 0x00, 0x00, 0x00, 0x00, 0x00, 0x00, 0x00, 0x00, 0x00, 0x00, 0x00,
  0x00, 0x00, 0x00, 0x00, 0x00, 0x00, 0x00, 0x00, 0x00, 0x00, 0x00, 0x00,
  0x00, 0x00, 0x00, 0x00, 0x00, 0x00, 0x00, 0x00, 0x00, 0x00, 0x00, 0x00,
  0x00, 0x00, 0x00, 0x00, 0x00, 0x00, 0x00, 0x00, 0x00, 0x00, 0x00, 0x00,
  0x00, 0x00, 0x00, 0x00, 0x00, 0x00, 0x00, 0x00, 0x10, 0x00, 0x00, 0x00,
  0xcc, 0xe9, 0xc7, 0x39, 0x7a, 0x1a, 0x3d, 0x3b, 0x0e, 0x4b, 0x49, 0x3b,
  0xaa, 0xbb, 0x78, 0x3b, 0x39, 0x8a, 0xc9, 0x39, 0x57, 0x43, 0x63, 0x3b,
  0xc4, 0x8d, 0x3c, 0x3b, 0xcf, 0xa3, 0x5c, 0x3a, 0x10, 0xc8, 0x54, 0x3b,
  0x7b, 0x1d, 0x35, 0x3b, 0x96, 0x63, 0x5a, 0x3b, 0x00, 0x66, 0x5b, 0x3b,
  0x61, 0xfe, 0xc9, 0x39, 0x35, 0x58, 0x8d, 0x3b, 0xfc, 0x71, 0x55, 0x3b,
  0x72, 0xcd, 0xc3, 0x39, 0x12, 0x00, 0x00, 0x00, 0x74, 0x66, 0x6c, 0x2e,
  0x70, 0x73, 0x65, 0x75, 0x64, 0x6f, 0x5f, 0x71, 0x63, 0x6f, 0x6e, 0x73,
  0x74, 0x33, 0x00, 0x00, 0x02, 0x00, 0x00, 0x00, 0x10, 0x00, 0x00, 0x00,
  0x80, 0x02, 0x00, 0x00, 0xd2, 0xfd, 0xff, 0xff, 0x00, 0x00, 0x00, 0x01,
  0x14, 0x00, 0x00, 0x00, 0xe4, 0x00, 0x00, 0x00, 0x05, 0x00, 0x00, 0x00,
  0x00, 0x00, 0x00, 0x02, 0xf0, 0x00, 0x00, 0x00, 0xbc, 0xfd, 0xff, 0xff,
  0x08, 0x00, 0x00, 0x00, 0x88, 0x00, 0x00, 0x00, 0x10, 0x00, 0x00, 0x00,
  0x00, 0x00, 0x00, 0x00, 0x00, 0x00, 0x00, 0x00, 0x00, 0x00, 0x00, 0x00,
  0x00, 0x00, 0x00, 0x00, 0x00, 0x00, 0x00, 0x00, 0x00, 0x00, 0x00, 0x00,
  0x00, 0x00, 0x00, 0x00, 0x00, 0x00, 0x00, 0x00, 0x00, 0x00, 0x00, 0x00,
  0x00, 0x00, 0x00, 0x00, 0x00, 0x00, 0x00, 0x00, 0x00, 0x00, 0x00, 0x00,
  0x00, 0x00, 0x00, 0x00, 0x00, 0x00, 0x00, 0x00, 0x00, 0x00, 0x00, 0x00,
  0x00, 0x00, 0x00, 0x00, 0x00, 0x00, 0x00, 0x00, 0x00, 0x00, 0x00, 0x00,
  0x00, 0x00, 0x00, 0x00, 0x00, 0x00, 0x00, 0x00, 0x00, 0x00, 0x00, 0x00,
  0x00, 0x00, 0x00, 0x00, 0x00, 0x00, 0x00, 0x00, 0x00, 0x00, 0x00, 0x00,
  0x00, 0x00, 0x00, 0x00, 0x00, 0x00, 0x00, 0x00, 0x00, 0x00, 0x00, 0x00,
  0x00, 0x00, 0x00, 0x00, 0x00, 0x00, 0x00, 0x00, 0x00, 0x00, 0x00, 0x00,
  0x00, 0x00, 0x00, 0x00, 0x00, 0x00, 0x00, 0x00, 0x10, 0x00, 0x00, 0x00,
  0xee, 0x6a, 0xa2, 0x37, 0xa6, 0xa2, 0x19, 0x39, 0xef, 0x89, 0x23, 0x39,
  0xb5, 0x14, 0x4a, 0x39, 0x41, 0xbd, 0xa3, 0x37, 0x45, 0xa3, 0x38, 0x39,
  0x54, 0x30, 0x19, 0x39, 0xc0, 0x41, 0x33, 0x38, 0x54, 0xdf, 0x2c, 0x39,
  0x35, 0x25, 0x13, 0x39, 0x9b, 0x6d, 0x31, 0x39, 0x8d, 0x3f, 0x32, 0x39,
  0x9f, 0x1b, 0xa4, 0x37, 0x0e, 0xab, 0x65, 0x39, 0x61, 0x69, 0x2d, 0x39,
  0xf5, 0x13, 0x9f, 0x37, 0x12, 0x00, 0x00, 0x00, 0x74, 0x66, 0x6c, 0x2e,
  0x70, 0x73, 0x65, 0x75, 0x64, 0x6f, 0x5f, 0x71, 0x63, 0x6f, 0x6e, 0x73,
  0x74, 0x32, 0x00, 0x00, 0x01, 0x00, 0x00, 0x00, 0x10, 0x00, 0x00, 0x00,
  0xe2, 0xfe, 0xff, 0xff, 0x00, 0x00, 0x00, 0x01, 0x14, 0x00, 0x00, 0x00,
  0x40, 0x00, 0x00, 0x00, 0x04, 0x00, 0x00, 0x00, 0x00, 0x00, 0x00, 0x09,
  0x4c, 0x00, 0x00, 0x00, 0xcc, 0xfe, 0xff, 0xff, 0x08, 0x00, 0x00, 0x00,
  0x1c, 0x00, 0x00, 0x00, 0x02, 0x00, 0x00, 0x00, 0x00, 0x00, 0x00, 0x00,
  0x00, 0x00, 0x00, 0x00, 0x00, 0x00, 0x00, 0x00, 0x00, 0x00, 0x00, 0x00,
  0x00, 0x00, 0x00, 0x00, 0x02, 0x00, 0x00, 0x00, 0x9c, 0x05, 0xe5, 0x3b,
  0xff, 0x7e, 0xe9, 0x3b, 0x12, 0x00, 0x00, 0x00, 0x74, 0x66, 0x6c, 0x2e,
  0x70, 0x73, 0x65, 0x75, 0x64, 0x6f, 0x5f, 0x71, 0x63, 0x6f, 0x6e, 0x73,
  0x74, 0x31, 0x00, 0x00, 0x02, 0x00, 0x00, 0x00, 0x02, 0x00, 0x00, 0x00,
  0x10, 0x00, 0x00, 0x00, 0x52, 0xff, 0xff, 0xff, 0x00, 0x00, 0x00, 0x01,
  0x14, 0x00, 0x00, 0x00, 0x40, 0x00, 0x00, 0x00, 0x03, 0x00, 0x00, 0x00,
  0x00, 0x00, 0x00, 0x02, 0x4c, 0x00, 0x00, 0x00, 0x3c, 0xff, 0xff, 0xff,
  0x08, 0x00, 0x00, 0x00, 0x1c, 0x00, 0x00, 0x00, 0x02, 0x00, 0x00, 0x00,
  0x00, 0x00, 0x00, 0x00, 0x00, 0x00, 0x00, 0x00, 0x00, 0x00, 0x00, 0x00,
  0x00, 0x00, 0x00, 0x00, 0x00, 0x00, 0x00, 0x00, 0x02, 0x00, 0x00, 0x00,
  0x5a, 0xa0, 0xac, 0x39, 0xb2, 0xff, 0xaf, 0x39, 0x11, 0x00, 0x00, 0x00,
  0x74, 0x66, 0x6c, 0x2e, 0x70, 0x73, 0x65, 0x75, 0x64, 0x6f, 0x5f, 0x71,
  0x63, 0x6f, 0x6e, 0x73, 0x74, 0x00, 0x00, 0x00, 0x01, 0x00, 0x00, 0x00,
  0x02, 0x00, 0x00, 0x00, 0xbe, 0xff, 0xff, 0xff, 0x00, 0x00, 0x00, 0x01,
  0x18, 0x00, 0x00, 0x00, 0x18, 0x00, 0x00, 0x00, 0x02, 0x00, 0x00, 0x00,
  0x00, 0x00, 0x00, 0x02, 0x20, 0x00, 0x00, 0x00, 0x04, 0x00, 0x04, 0x00,
  0x04, 0x00, 0x00, 0x00, 0x0e, 0x00, 0x00, 0x00, 0x61, 0x72, 0x69, 0x74,
  0x68, 0x2e, 0x63, 0x6f, 0x6e, 0x73, 0x74, 0x61, 0x6e, 0x74, 0x00, 0x00,
  0x01, 0x00, 0x00, 0x00, 0x02, 0x00, 0x00, 0x00, 0x00, 0x00, 0x16, 0x00,
  0x1c, 0x00, 0x18, 0x00, 0x17, 0x00, 0x10, 0x00, 0x0c, 0x00, 0x08, 0x00,
  0x00, 0x00, 0x00, 0x00, 0x00, 0x00, 0x07, 0x00, 0x16, 0x00, 0x00, 0x00,
  0x00, 0x00, 0x00, 0x01, 0x20, 0x00, 0x00, 0x00, 0x40, 0x00, 0x00, 0x00,
  0x01, 0x00, 0x00, 0x00, 0x00, 0x00, 0x00, 0x09, 0x40, 0x00, 0x00, 0x00,
  0x0c, 0x00, 0x0c, 0x00, 0x00, 0x00, 0x00, 0x00, 0x08, 0x00, 0x04, 0x00,
  0x0c, 0x00, 0x00, 0x00, 0x08, 0x00, 0x00, 0x00, 0x14, 0x00, 0x00, 0x00,
  0x01, 0x00, 0x00, 0x00, 0xfd, 0xff, 0xff, 0xff, 0xff, 0xff, 0xff, 0xff,
  0x00, 0x00, 0x00, 0x00, 0x01, 0x00, 0x00, 0x00, 0x0d, 0x99, 0x7b, 0x3c,
  0x05, 0x00, 0x00, 0x00, 0x69, 0x6e, 0x70, 0x75, 0x74, 0x00, 0x00, 0x00,
  0x04, 0x00, 0x00, 0x00, 0x01, 0x00, 0x00, 0x00, 0x28, 0x00, 0x00, 0x00,
  0x18, 0x00, 0x00, 0x00, 0x01, 0x00, 0x00, 0x00, 0x05, 0x00, 0x00, 0x00,
  0x68, 0x00, 0x00, 0x00, 0x48, 0x00, 0x00, 0x00, 0x34, 0x00, 0x00, 0x00,
  0x24, 0x00, 0x00, 0x00, 0x04, 0x00, 0x00, 0x00, 0xb8, 0xff, 0xff, 0xff,
  0x09, 0x00, 0x00, 0x00, 0x04, 0x00, 0x00, 0x00, 0x00, 0x00, 0x00, 0x09,
  0x0c, 0x00, 0x0c, 0x00, 0x0b, 0x00, 0x00, 0x00, 0x00, 0x00, 0x04, 0x00,
  0x0c, 0x00, 0x00, 0x00, 0x16, 0x00, 0x00, 0x00, 0x00, 0x00, 0x00, 0x16,
  0xe0, 0xff, 0xff, 0xff, 0x01, 0x00, 0x00, 0x00, 0x02, 0x00, 0x00, 0x00,
  0x00, 0x00, 0x00, 0x01, 0xf0, 0xff, 0xff, 0xff, 0x11, 0x00, 0x00, 0x00,
  0x02, 0x00, 0x00, 0x00, 0x00, 0x00, 0x00, 0x11, 0x0c, 0x00, 0x10, 0x00,
  0x0f, 0x00, 0x00, 0x00, 0x08, 0x00, 0x04, 0x00, 0x0c, 0x00, 0x00, 0x00,
  0x03, 0x00, 0x00, 0x00, 0x03, 0x00, 0x00, 0x00, 0x00, 0x00, 0x00, 0x03,
};

//const unsigned int g_model_len = 17808u;

const int g_model_len = sizeof(g_model);
